order_id,order_date,region,product_category,product_subcategory,quantity,unit_price,discount,shipping_cost,customer_age_group,payment_method,revenue,profit,returned,high_profit
ORD00001,2023-01-23,North,Electronics,Accessories,8,498.99,0.05,2.34,26-35,Debit Card,3792.32,244.68,0,1
ORD00002,2023-09-14,South,Electronics,Phones,8,538.17,0.02,10.83,56+,PayPal,4219.25,1200.96,0,1
ORD00003,2024-10-22,North,Electronics,Phones,1,278.18,0.16,6.48,26-35,Debit Card,233.67,28.7,0,0
ORD00004,2022-05-25,North,Food & Beverage,Beverages,3,19.74,0.29,7.0,56+,PayPal,42.05,11.14,0,0
ORD00005,2023-04-11,South,Clothing,Shoes,2,142.84,0.29,12.13,18-25,Debit Card,202.83,25.59,0,0
ORD00006,2023-12-09,West,Office Supplies,Art Supplies,7,123.95,0.25,2.6,26-35,Debit Card,650.74,96.16,0,1
ORD00007,2024-02-21,East,Electronics,Phones,6,205.96,0.17,0.47,46-55,Credit Card,1025.68,267.26,0,1
ORD00008,2023-02-13,East,Office Supplies,Art Supplies,4,121.59,0.28,1.33,18-25,PayPal,350.18,34.67,0,0
ORD00009,2022-12-03,North,Clothing,Shirts,2,85.56,0.18,14.48,56+,Cash,140.32,28.31,0,0
ORD00010,2022-11-03,East,Food & Beverage,Beverages,1,1.77,0.13,5.92,18-25,Credit Card,1.54,0.19,0,0
ORD00011,2022-07-25,South,Office Supplies,Paper,8,147.16,0.23,1.11,26-35,Credit Card,906.51,126.56,0,1
ORD00012,2024-06-11,West,Office Supplies,Storage,8,92.64,0.03,5.56,36-45,Debit Card,718.89,156.15,0,1
ORD00013,2023-09-04,East,Office Supplies,Binders,6,178.01,0.14,1.79,36-45,Credit Card,918.53,209.71,0,1
ORD00014,2023-08-04,South,Food & Beverage,Beverages,7,2.98,0.21,1.66,26-35,PayPal,16.48,2.63,0,0
ORD00015,2024-07-15,West,Office Supplies,Binders,1,66.3,0.15,13.61,36-45,Credit Card,56.35,6.33,0,0
ORD00016,2024-02-21,South,Electronics,Accessories,4,757.14,0.18,10.42,46-55,Cash,2483.42,670.81,0,1
ORD00017,2022-11-02,North,Furniture,Sofas,5,526.73,0.24,2.8,26-35,PayPal,2001.57,546.71,0,1
ORD00018,2024-04-14,West,Clothing,Pants,9,54.52,0.03,3.42,36-45,Debit Card,475.96,74.62,0,1
ORD00019,2024-06-08,South,Food & Beverage,Prepared Meals,7,9.07,0.16,7.27,56+,PayPal,53.33,11.9,0,0
ORD00020,2022-09-10,West,Office Supplies,Binders,6,47.66,0.17,6.06,26-35,Gift Card,237.35,15.72,0,0
ORD00021,2022-09-13,West,Electronics,Phones,7,422.94,0.09,4.27,18-25,Debit Card,2694.13,159.55,0,1
ORD00022,2023-06-04,South,Clothing,Shirts,6,14.63,0.1,9.52,46-55,PayPal,79.0,17.39,0,0
ORD00023,2023-04-09,West,Food & Beverage,Prepared Meals,6,12.86,0.2,11.42,56+,Credit Card,61.73,6.75,0,0
ORD00024,2023-01-16,North,Food & Beverage,Prepared Meals,4,49.19,0.12,12.25,36-45,Credit Card,173.15,43.22,0,0
ORD00025,2023-06-10,East,Clothing,Pants,3,92.73,0.2,0.25,46-55,Credit Card,222.55,39.62,0,0
ORD00026,2023-10-30,East,Food & Beverage,Beverages,4,47.09,0.12,7.77,56+,Credit Card,165.76,43.0,0,0
ORD00027,2024-01-31,East,Food & Beverage,Beverages,2,46.31,0.26,3.87,26-35,Cash,68.54,14.74,0,0
ORD00028,2023-07-29,South,Food & Beverage,Snacks,1,12.85,0.03,13.46,56+,Cash,12.46,3.43,0,0
ORD00029,2022-12-17,West,Electronics,Phones,3,575.27,0.25,12.84,36-45,Cash,1294.36,195.61,0,1
ORD00030,2024-05-29,South,Electronics,Laptops,1,171.22,0.27,9.1,56+,Credit Card,124.99,6.54,0,0
ORD00031,2023-11-18,North,Clothing,Shirts,2,32.51,0.16,10.38,56+,Debit Card,54.62,11.63,0,0
ORD00032,2024-01-07,South,Clothing,Pants,1,79.15,0.05,5.5,36-45,Gift Card,75.19,17.75,0,0
ORD00033,2022-11-15,West,Furniture,Tables,3,392.71,0.08,8.85,36-45,PayPal,1083.88,319.44,0,1
ORD00034,2024-07-25,East,Clothing,Accessories,2,59.01,0.19,10.03,18-25,Debit Card,95.6,25.43,0,0
ORD00035,2023-06-01,South,Electronics,Accessories,4,68.24,0.19,2.66,18-25,Gift Card,221.1,63.04,1,1
ORD00036,2024-08-03,South,Food & Beverage,Beverages,3,37.64,0.29,4.96,18-25,Credit Card,80.17,15.09,0,0
ORD00037,2024-10-10,North,Furniture,Chairs,4,197.84,0.12,12.77,18-25,Cash,696.4,90.0,0,1
ORD00038,2023-07-30,North,Food & Beverage,Beverages,6,35.11,0.17,1.46,36-45,PayPal,174.85,35.63,1,0
ORD00039,2022-05-25,South,Food & Beverage,Beverages,2,16.8,0.25,2.05,56+,Gift Card,25.2,5.73,0,0
ORD00040,2022-11-03,West,Furniture,Cabinets,3,176.04,0.18,1.22,46-55,Debit Card,433.06,22.21,0,0
ORD00041,2022-07-20,North,Electronics,Tablets,8,576.48,0.24,13.35,36-45,PayPal,3505.0,471.42,0,1
ORD00042,2022-04-08,West,Clothing,Shirts,7,104.08,0.1,2.33,18-25,Credit Card,655.7,193.73,0,1
ORD00043,2024-06-08,West,Office Supplies,Paper,1,12.28,0.25,5.4,26-35,Debit Card,9.21,0.75,0,0
ORD00044,2024-03-07,South,Food & Beverage,Canned Goods,5,23.41,0.25,2.92,26-35,PayPal,87.79,13.42,0,0
ORD00045,2022-05-24,South,Office Supplies,Storage,2,105.68,0.1,11.93,26-35,Credit Card,190.22,22.39,0,0
ORD00046,2022-03-23,West,Food & Beverage,Snacks,5,10.03,0.02,6.42,18-25,Gift Card,49.15,10.92,0,0
ORD00047,2024-08-04,North,Electronics,Laptops,2,229.84,0.03,2.74,26-35,PayPal,445.89,126.48,0,1
ORD00048,2023-06-19,West,Clothing,Pants,5,95.64,0.13,3.72,46-55,Credit Card,416.03,57.83,0,1
ORD00049,2022-01-15,South,Clothing,Shirts,5,23.18,0.09,14.69,46-55,Cash,105.47,9.9,0,0
ORD00050,2024-02-29,West,Office Supplies,Storage,5,97.33,0.05,6.51,56+,PayPal,462.32,69.17,0,1
ORD00051,2023-10-19,South,Furniture,Sofas,2,178.71,0.0,14.0,26-35,Credit Card,357.42,62.64,0,1
ORD00052,2023-12-09,North,Office Supplies,Paper,8,189.06,0.28,13.01,18-25,Gift Card,1088.99,227.71,0,1
ORD00053,2023-12-02,West,Food & Beverage,Beverages,3,32.52,0.14,8.18,18-25,Gift Card,83.9,23.94,0,0
ORD00054,2024-09-20,North,Furniture,Chairs,2,52.21,0.19,5.05,56+,Credit Card,84.58,18.09,0,0
ORD00055,2023-12-06,South,Clothing,Shirts,2,46.5,0.15,10.39,56+,Debit Card,79.05,10.84,1,0
ORD00056,2022-02-10,North,Food & Beverage,Snacks,9,40.37,0.08,2.66,46-55,Gift Card,334.26,79.44,0,1
ORD00057,2024-10-21,East,Office Supplies,Binders,4,77.54,0.23,5.11,36-45,Debit Card,238.82,67.51,0,1
ORD00058,2023-03-20,East,Clothing,Pants,7,115.64,0.03,13.54,36-45,PayPal,785.2,138.44,0,1
ORD00059,2022-11-27,East,Electronics,Phones,3,341.9,0.0,13.58,46-55,Gift Card,1025.7,74.69,0,1
ORD00060,2024-09-09,North,Electronics,Laptops,4,480.08,0.19,6.73,56+,Cash,1555.46,191.79,0,1
ORD00061,2023-11-27,South,Office Supplies,Paper,4,189.51,0.23,1.7,26-35,Cash,583.69,165.03,1,1
ORD00062,2024-10-26,East,Furniture,Cabinets,5,450.11,0.16,10.59,56+,Cash,1890.46,552.32,0,1
ORD00063,2024-05-15,North,Food & Beverage,Prepared Meals,1,5.96,0.03,10.51,18-25,Debit Card,5.78,0.39,0,0
ORD00064,2024-01-01,East,Electronics,Phones,5,434.99,0.07,8.72,56+,Debit Card,2022.7,537.6,0,1
ORD00065,2022-09-02,East,Office Supplies,Binders,7,197.27,0.23,5.64,36-45,Debit Card,1063.29,75.36,0,1
ORD00066,2023-08-01,East,Food & Beverage,Canned Goods,3,6.45,0.15,0.17,36-45,Credit Card,16.45,2.75,0,0
ORD00067,2022-05-03,North,Clothing,Shoes,9,114.19,0.2,3.56,18-25,Credit Card,822.17,123.37,0,1
ORD00068,2022-03-27,East,Furniture,Sofas,1,157.45,0.29,0.18,26-35,PayPal,111.79,32.7,0,0
ORD00069,2024-07-10,West,Food & Beverage,Snacks,6,46.31,0.28,3.79,18-25,Credit Card,200.06,44.78,0,0
ORD00070,2022-06-21,South,Food & Beverage,Snacks,1,35.09,0.14,9.41,36-45,Gift Card,30.18,5.92,1,0
ORD00071,2022-02-16,South,Clothing,Pants,8,65.23,0.03,5.03,18-25,Cash,506.18,46.78,0,0
ORD00072,2023-02-06,East,Electronics,Accessories,2,249.45,0.11,3.9,26-35,Debit Card,444.02,72.51,0,1
ORD00073,2022-10-17,North,Office Supplies,Storage,5,163.69,0.21,2.44,56+,Debit Card,646.58,179.57,0,1
ORD00074,2024-09-09,South,Furniture,Tables,5,379.65,0.13,13.99,46-55,Credit Card,1651.48,440.15,0,1
ORD00075,2022-01-28,South,Office Supplies,Storage,1,156.63,0.14,14.78,26-35,Cash,134.7,19.42,0,0
ORD00076,2023-02-11,South,Electronics,Tablets,1,678.75,0.14,6.22,18-25,PayPal,583.73,69.08,0,1
ORD00077,2024-06-13,South,Furniture,Cabinets,1,334.58,0.22,13.7,36-45,Cash,260.97,51.23,0,0
ORD00078,2024-02-22,South,Furniture,Chairs,3,170.99,0.14,1.94,26-35,PayPal,441.15,127.28,0,1
ORD00079,2022-08-25,East,Office Supplies,Paper,1,152.61,0.01,4.03,36-45,Cash,151.08,8.39,0,0
ORD00080,2023-05-08,West,Food & Beverage,Prepared Meals,3,26.49,0.26,8.28,18-25,Credit Card,58.81,11.19,0,0
ORD00081,2023-02-22,East,Furniture,Sofas,7,460.43,0.19,10.56,18-25,Credit Card,2610.64,269.52,0,1
ORD00082,2022-01-16,West,Office Supplies,Art Supplies,6,123.58,0.19,8.32,46-55,Gift Card,600.6,43.69,0,0
ORD00083,2023-07-21,North,Clothing,Pants,1,119.71,0.12,9.33,36-45,Credit Card,105.34,27.98,1,0
ORD00084,2022-06-02,West,Electronics,Laptops,8,681.57,0.23,0.99,36-45,PayPal,4198.47,258.06,0,1
ORD00085,2022-12-26,North,Office Supplies,Art Supplies,3,109.77,0.14,8.77,18-25,Cash,283.21,42.5,0,0
ORD00086,2022-07-06,East,Clothing,Shoes,4,58.39,0.27,7.11,46-55,Cash,170.5,36.98,0,0
ORD00087,2022-07-18,South,Furniture,Cabinets,3,498.42,0.1,5.21,46-55,Debit Card,1345.73,77.99,0,1
ORD00088,2023-07-07,East,Clothing,Shirts,2,28.02,0.1,4.82,36-45,Cash,50.44,3.69,0,0
ORD00089,2023-12-13,South,Clothing,Shoes,8,132.3,0.28,0.92,46-55,PayPal,762.05,90.85,0,1
ORD00090,2024-02-13,West,Furniture,Cabinets,4,149.33,0.11,7.27,26-35,Credit Card,531.61,108.75,0,1
ORD00091,2023-04-24,East,Food & Beverage,Prepared Meals,8,7.52,0.21,12.67,18-25,Debit Card,47.53,11.28,0,0
ORD00092,2024-06-15,East,Furniture,Tables,6,333.59,0.07,4.04,26-35,Credit Card,1861.43,268.64,0,1
ORD00093,2022-11-30,North,Furniture,Cabinets,7,80.85,0.16,3.5,56+,Credit Card,475.4,64.53,0,1
ORD00094,2023-01-03,West,Clothing,Pants,9,79.78,0.03,8.06,46-55,PayPal,696.48,137.0,0,1
ORD00095,2023-03-23,West,Furniture,Tables,3,245.9,0.1,13.49,18-25,Credit Card,663.93,134.04,0,1
ORD00096,2023-05-31,West,Furniture,Tables,6,375.29,0.07,1.53,56+,PayPal,2094.12,184.73,0,1
ORD00097,2022-06-16,North,Food & Beverage,Beverages,8,44.94,0.02,7.87,18-25,PayPal,352.33,53.77,1,0
ORD00098,2022-04-26,South,Clothing,Shoes,2,90.64,0.28,0.08,46-55,Gift Card,130.52,38.34,0,0
ORD00099,2024-01-18,West,Food & Beverage,Canned Goods,9,36.2,0.16,7.15,26-35,PayPal,273.67,71.06,0,1
ORD00100,2024-09-27,West,Office Supplies,Binders,4,87.96,0.15,3.64,36-45,Gift Card,299.06,23.54,0,0
ORD00101,2022-10-26,West,Furniture,Sofas,5,318.48,0.28,4.81,46-55,Credit Card,1146.53,227.55,0,1
ORD00102,2023-04-15,East,Furniture,Sofas,5,66.12,0.3,4.84,36-45,Cash,231.42,58.43,0,1
ORD00103,2023-12-06,North,Furniture,Tables,1,96.52,0.14,9.09,26-35,PayPal,83.01,20.63,0,0
ORD00104,2024-05-29,South,Furniture,Chairs,2,100.85,0.22,14.08,46-55,PayPal,157.33,14.99,0,0
ORD00105,2024-02-06,East,Food & Beverage,Canned Goods,6,3.36,0.23,12.42,46-55,Credit Card,15.52,3.69,0,0
ORD00106,2024-05-03,South,Clothing,Accessories,5,124.04,0.2,7.85,56+,Credit Card,496.16,69.32,0,1
ORD00107,2023-02-10,West,Clothing,Shirts,8,73.27,0.21,13.5,36-45,Cash,463.07,95.4,0,1
ORD00108,2023-03-30,West,Clothing,Pants,1,42.51,0.27,5.76,46-55,Debit Card,31.03,5.77,1,0
ORD00109,2023-10-08,East,Clothing,Accessories,3,70.41,0.1,10.96,18-25,PayPal,190.11,42.48,0,0
ORD00110,2024-06-27,East,Clothing,Pants,1,84.68,0.27,11.83,46-55,Debit Card,61.82,5.43,0,0
ORD00111,2022-09-14,North,Clothing,Shirts,7,30.04,0.06,10.71,18-25,PayPal,197.66,34.29,0,0
ORD00112,2022-04-17,South,Clothing,Pants,4,73.98,0.18,7.53,18-25,Cash,242.65,44.88,0,0
ORD00113,2023-02-27,West,Office Supplies,Binders,2,7.38,0.18,8.48,46-55,Cash,12.1,2.77,0,0
ORD00114,2024-05-04,East,Clothing,Shoes,8,91.67,0.12,6.93,46-55,Cash,645.36,185.1,0,1
ORD00115,2023-08-30,North,Clothing,Shirts,2,95.6,0.01,13.08,56+,Credit Card,189.29,53.57,0,0
ORD00116,2023-12-22,East,Furniture,Chairs,8,43.12,0.2,11.57,18-25,Credit Card,275.97,39.63,0,0
ORD00117,2022-03-21,South,Furniture,Chairs,8,509.05,0.27,1.84,56+,Debit Card,2972.85,323.97,0,1
ORD00118,2022-07-12,South,Furniture,Cabinets,7,554.88,0.26,7.78,18-25,Gift Card,2874.28,568.59,0,1
ORD00119,2022-02-26,South,Clothing,Shoes,9,38.78,0.24,9.06,36-45,Debit Card,265.26,20.84,0,0
ORD00120,2024-06-11,North,Furniture,Sofas,6,227.42,0.1,11.06,18-25,Gift Card,1228.07,200.24,0,1
ORD00121,2023-04-13,North,Office Supplies,Storage,3,53.4,0.17,2.48,46-55,Debit Card,132.97,7.77,0,0
ORD00122,2024-03-18,North,Food & Beverage,Beverages,6,11.78,0.06,7.73,18-25,Cash,66.44,19.53,0,0
ORD00123,2023-07-31,North,Food & Beverage,Snacks,6,5.18,0.3,7.53,36-45,Gift Card,21.76,4.33,0,0
ORD00124,2024-02-15,West,Office Supplies,Paper,8,180.12,0.06,2.86,56+,Cash,1354.5,80.1,0,1
ORD00125,2023-08-08,North,Clothing,Accessories,2,51.17,0.21,7.91,18-25,PayPal,80.85,14.84,0,0
ORD00126,2023-05-29,East,Clothing,Pants,3,31.73,0.05,12.93,46-55,Debit Card,90.43,25.91,0,0
ORD00127,2022-10-07,East,Food & Beverage,Canned Goods,2,21.03,0.01,2.34,46-55,PayPal,41.64,9.54,0,0
ORD00128,2022-01-29,East,Office Supplies,Binders,7,54.51,0.06,7.58,18-25,Cash,358.68,71.29,0,1
ORD00129,2023-08-12,West,Furniture,Cabinets,3,402.07,0.07,1.49,56+,Gift Card,1121.78,124.28,0,1
ORD00130,2024-06-03,West,Office Supplies,Paper,4,189.16,0.04,6.1,46-55,Cash,726.37,95.15,0,1
ORD00131,2023-10-17,South,Clothing,Pants,1,39.1,0.01,2.72,36-45,Cash,38.71,7.58,0,0
ORD00132,2024-07-12,East,Office Supplies,Art Supplies,5,71.65,0.08,5.7,56+,Credit Card,329.59,65.12,0,1
ORD00133,2023-10-08,South,Electronics,Laptops,6,630.38,0.11,12.92,46-55,PayPal,3366.23,353.04,1,1
ORD00134,2024-03-17,South,Clothing,Accessories,1,131.59,0.15,13.42,46-55,Credit Card,111.85,27.96,0,0
ORD00135,2022-01-24,North,Office Supplies,Binders,9,110.62,0.19,3.87,46-55,Debit Card,806.42,68.42,0,1
ORD00136,2024-10-14,East,Food & Beverage,Prepared Meals,2,14.34,0.01,13.71,46-55,Gift Card,28.39,2.26,0,0
ORD00137,2022-10-11,East,Clothing,Shoes,1,66.73,0.15,10.8,36-45,PayPal,56.72,4.35,0,0
ORD00138,2022-09-30,East,Office Supplies,Art Supplies,6,147.78,0.08,9.5,26-35,Credit Card,815.75,141.59,0,1
ORD00139,2024-05-16,South,Office Supplies,Paper,5,79.71,0.16,0.7,56+,Debit Card,334.78,30.66,0,0
ORD00140,2022-03-27,South,Furniture,Cabinets,4,469.46,0.02,12.56,36-45,Gift Card,1840.28,293.15,1,1
ORD00141,2024-01-17,East,Electronics,Laptops,8,474.8,0.14,9.96,36-45,Debit Card,3266.62,928.4,0,1
ORD00142,2022-08-11,East,Furniture,Sofas,4,337.71,0.05,12.62,18-25,Gift Card,1283.3,335.71,1,1
ORD00143,2022-06-09,South,Office Supplies,Paper,9,155.33,0.03,1.13,18-25,Gift Card,1356.03,314.66,0,1
ORD00144,2023-12-13,East,Furniture,Cabinets,9,170.45,0.25,11.99,18-25,Credit Card,1150.54,257.35,0,1
ORD00145,2023-09-03,East,Clothing,Accessories,3,54.04,0.24,14.43,46-55,Cash,123.21,30.5,0,0
ORD00146,2023-06-24,South,Electronics,Accessories,8,618.79,0.19,11.39,46-55,Credit Card,4009.76,926.36,0,1
ORD00147,2024-10-10,North,Clothing,Accessories,2,78.52,0.07,14.82,18-25,Gift Card,146.05,41.77,0,0
ORD00148,2023-12-31,North,Furniture,Tables,7,599.63,0.17,7.1,56+,Cash,3483.85,446.68,0,1
ORD00149,2024-01-26,North,Furniture,Chairs,3,556.91,0.29,14.16,56+,PayPal,1186.22,199.94,0,1
ORD00150,2024-05-23,South,Food & Beverage,Canned Goods,2,26.6,0.19,9.75,46-55,PayPal,43.09,6.08,0,0
ORD00151,2023-05-13,East,Food & Beverage,Canned Goods,3,35.12,0.1,10.87,36-45,Gift Card,94.82,6.29,0,0
ORD00152,2023-07-12,North,Food & Beverage,Snacks,6,16.62,0.19,13.29,26-35,Debit Card,80.77,16.47,0,0
ORD00153,2022-01-26,East,Electronics,Laptops,2,65.95,0.26,7.93,26-35,Debit Card,97.61,27.79,0,0
ORD00154,2024-10-28,North,Furniture,Chairs,4,60.03,0.03,0.56,46-55,PayPal,232.92,39.58,0,0
ORD00155,2022-10-08,West,Office Supplies,Paper,9,154.81,0.13,6.32,26-35,Cash,1212.16,284.13,0,1
ORD00156,2022-04-25,East,Clothing,Shirts,8,50.21,0.09,3.5,26-35,Cash,365.53,22.12,0,0
ORD00157,2024-10-18,South,Clothing,Shirts,9,25.33,0.12,1.87,56+,Debit Card,200.61,58.0,0,1
ORD00158,2022-09-25,South,Office Supplies,Binders,6,196.55,0.27,9.01,18-25,Credit Card,860.89,237.55,1,1
ORD00159,2024-02-08,South,Office Supplies,Art Supplies,4,50.18,0.28,9.74,46-55,Credit Card,144.52,29.18,0,0
ORD00160,2022-08-27,West,Office Supplies,Storage,2,79.9,0.01,14.36,36-45,Gift Card,158.2,40.59,0,0
ORD00161,2023-10-14,West,Clothing,Shirts,7,133.73,0.28,14.92,56+,Credit Card,674.0,63.0,0,1
ORD00162,2024-02-24,West,Office Supplies,Art Supplies,1,35.01,0.24,3.37,18-25,Credit Card,26.61,2.82,0,0
ORD00163,2023-09-06,South,Food & Beverage,Snacks,5,5.48,0.26,3.98,36-45,Gift Card,20.28,1.67,0,0
ORD00164,2024-09-15,North,Furniture,Cabinets,9,217.56,0.28,11.03,56+,PayPal,1409.79,169.66,0,1
ORD00165,2022-01-06,East,Furniture,Cabinets,5,57.81,0.16,14.43,46-55,Credit Card,242.8,18.78,0,0
ORD00166,2024-10-22,West,Office Supplies,Storage,2,101.55,0.14,8.89,36-45,Cash,174.67,44.74,0,0
ORD00167,2023-12-03,North,Furniture,Sofas,1,530.82,0.24,9.88,46-55,PayPal,403.42,105.96,0,1
ORD00168,2024-01-03,East,Clothing,Shirts,9,140.21,0.03,10.48,46-55,Credit Card,1224.03,119.11,0,1
ORD00169,2024-09-21,East,Office Supplies,Art Supplies,9,10.7,0.25,1.93,18-25,PayPal,72.22,9.66,0,0
ORD00170,2022-06-16,North,Food & Beverage,Canned Goods,4,28.25,0.23,3.88,46-55,Credit Card,87.01,8.55,0,0
ORD00171,2022-12-04,South,Food & Beverage,Prepared Meals,9,31.96,0.08,9.51,56+,PayPal,264.63,48.96,0,0
ORD00172,2022-04-21,West,Electronics,Laptops,7,455.95,0.29,5.13,36-45,Gift Card,2266.07,471.7,1,1
ORD00173,2022-04-16,South,Office Supplies,Storage,4,38.88,0.23,14.21,46-55,Credit Card,119.75,10.97,0,0
ORD00174,2024-01-03,North,Food & Beverage,Beverages,6,17.95,0.19,0.69,26-35,Cash,87.24,23.37,1,0
ORD00175,2024-09-28,North,Food & Beverage,Canned Goods,4,32.73,0.18,5.75,18-25,Debit Card,107.35,7.13,0,0
ORD00176,2023-01-20,North,Clothing,Shirts,3,45.35,0.0,2.38,26-35,PayPal,136.05,22.74,1,0
ORD00177,2022-04-16,East,Food & Beverage,Prepared Meals,9,9.02,0.24,10.41,46-55,PayPal,61.7,6.49,0,0
ORD00178,2023-12-05,West,Furniture,Cabinets,6,104.86,0.26,14.45,56+,Debit Card,465.58,26.92,0,0
ORD00179,2024-07-29,West,Furniture,Tables,5,393.96,0.12,4.11,18-25,Cash,1733.42,513.08,0,1
ORD00180,2024-07-13,West,Office Supplies,Art Supplies,2,46.56,0.01,9.78,18-25,Cash,92.19,13.1,0,0
ORD00181,2023-05-05,East,Food & Beverage,Canned Goods,8,8.8,0.06,1.37,26-35,PayPal,66.18,5.85,0,0
ORD00182,2023-07-03,West,Office Supplies,Art Supplies,7,127.11,0.04,0.49,56+,Gift Card,854.18,239.35,0,1
ORD00183,2024-04-03,West,Clothing,Shoes,9,10.17,0.18,9.11,26-35,Debit Card,75.05,8.4,0,0
ORD00184,2022-08-22,West,Furniture,Cabinets,6,361.72,0.08,11.96,18-25,Cash,1996.69,254.76,0,1
ORD00185,2022-01-13,West,Clothing,Accessories,2,105.26,0.12,14.62,26-35,PayPal,185.26,42.7,0,0
ORD00186,2024-02-22,North,Furniture,Sofas,6,547.46,0.22,11.24,18-25,PayPal,2562.11,221.57,0,1
ORD00187,2023-08-14,North,Food & Beverage,Canned Goods,6,31.29,0.21,8.39,18-25,Debit Card,148.31,7.78,0,0
ORD00188,2023-06-20,West,Furniture,Chairs,1,533.04,0.02,12.37,46-55,Cash,522.38,72.85,0,1
ORD00189,2024-10-07,East,Food & Beverage,Canned Goods,2,41.25,0.01,10.06,18-25,Cash,81.67,23.51,0,0
ORD00190,2024-07-15,West,Office Supplies,Storage,9,187.56,0.02,8.12,56+,Credit Card,1654.28,375.96,0,1
ORD00191,2024-01-09,North,Furniture,Sofas,4,223.49,0.24,1.2,26-35,Credit Card,679.41,185.96,0,1
ORD00192,2024-04-25,West,Electronics,Phones,3,80.57,0.05,6.58,46-55,Debit Card,229.62,53.09,0,0
ORD00193,2023-11-04,East,Electronics,Phones,9,703.84,0.07,14.64,36-45,Credit Card,5891.14,790.73,0,1
ORD00194,2024-03-27,East,Office Supplies,Art Supplies,7,13.51,0.05,0.31,46-55,Debit Card,89.84,19.16,0,0
ORD00195,2023-07-15,South,Food & Beverage,Canned Goods,3,4.99,0.12,3.31,56+,Debit Card,13.17,2.04,0,0
ORD00196,2024-05-19,South,Furniture,Chairs,1,524.92,0.22,11.14,56+,PayPal,409.44,64.03,0,1
ORD00197,2023-01-19,South,Clothing,Pants,4,80.68,0.16,7.71,26-35,PayPal,271.08,53.41,0,0
ORD00198,2023-02-13,East,Clothing,Shoes,4,132.28,0.27,6.33,18-25,PayPal,386.26,46.04,0,0
ORD00199,2024-08-01,East,Food & Beverage,Beverages,3,31.53,0.19,11.0,18-25,PayPal,76.62,6.35,0,0
ORD00200,2024-07-28,East,Food & Beverage,Prepared Meals,7,31.99,0.11,7.69,46-55,Cash,199.3,30.54,0,0
ORD00201,2023-03-29,West,Office Supplies,Binders,6,174.8,0.13,7.72,46-55,PayPal,912.46,127.57,0,1
ORD00202,2022-06-19,North,Furniture,Cabinets,9,582.57,0.08,9.85,56+,Cash,4823.68,633.34,0,1
ORD00203,2022-05-16,East,Office Supplies,Paper,7,93.49,0.07,1.1,46-55,Cash,608.62,56.26,0,1
ORD00204,2022-12-15,North,Food & Beverage,Snacks,9,22.11,0.07,9.26,56+,PayPal,185.06,41.95,0,0
ORD00205,2022-06-23,East,Furniture,Sofas,9,375.16,0.11,8.0,26-35,Debit Card,3005.03,737.58,0,1
ORD00206,2023-04-07,East,Furniture,Chairs,6,147.33,0.03,4.05,18-25,Cash,857.46,55.11,0,1
ORD00207,2024-08-26,West,Electronics,Accessories,1,141.58,0.14,14.01,26-35,Credit Card,121.76,15.71,0,0
ORD00208,2022-02-12,East,Office Supplies,Storage,4,197.39,0.29,0.07,26-35,Debit Card,560.59,161.42,0,1
ORD00209,2024-06-16,South,Food & Beverage,Prepared Meals,8,26.26,0.15,10.0,56+,Gift Card,178.57,15.16,0,0
ORD00210,2022-11-15,East,Furniture,Sofas,2,145.06,0.2,14.55,46-55,Cash,232.1,17.05,0,0
ORD00211,2023-04-04,East,Electronics,Tablets,5,772.51,0.08,9.92,18-25,Debit Card,3553.55,1047.08,0,1
ORD00212,2022-01-19,South,Clothing,Shoes,2,96.5,0.26,8.56,18-25,PayPal,142.82,8.23,1,0
ORD00213,2023-12-14,North,Office Supplies,Paper,1,122.12,0.28,12.4,46-55,Cash,87.93,19.06,0,0
ORD00214,2022-12-27,East,Food & Beverage,Canned Goods,2,49.97,0.01,14.66,36-45,Credit Card,98.94,15.01,0,0
ORD00215,2024-03-19,South,Clothing,Shirts,9,25.28,0.2,11.48,56+,Gift Card,182.02,51.22,0,0
ORD00216,2024-07-21,East,Food & Beverage,Beverages,9,16.54,0.26,5.64,18-25,PayPal,110.16,13.68,0,0
ORD00217,2022-12-06,East,Clothing,Shirts,1,61.3,0.12,10.43,26-35,Credit Card,53.94,7.94,0,0
ORD00218,2022-09-03,North,Office Supplies,Storage,1,91.66,0.0,8.81,18-25,Credit Card,91.66,8.44,0,0
ORD00219,2024-02-25,South,Food & Beverage,Beverages,9,19.61,0.26,7.79,46-55,PayPal,130.6,22.18,0,0
ORD00220,2022-12-19,East,Food & Beverage,Canned Goods,5,20.54,0.17,8.0,56+,Debit Card,85.24,17.22,0,0
ORD00221,2024-04-20,West,Electronics,Tablets,2,586.62,0.16,12.34,56+,PayPal,985.52,155.43,0,1
ORD00222,2022-03-15,East,Electronics,Accessories,9,541.02,0.11,2.96,26-35,PayPal,4333.57,735.82,0,1
ORD00223,2022-06-21,West,Furniture,Sofas,4,176.36,0.09,4.61,18-25,Cash,641.95,160.97,0,1
ORD00224,2022-11-18,East,Electronics,Tablets,4,588.23,0.12,14.65,36-45,Debit Card,2070.57,529.64,0,1
ORD00225,2022-05-08,North,Clothing,Shirts,7,83.52,0.21,1.6,26-35,Gift Card,461.87,88.6,0,1
ORD00226,2024-09-22,North,Electronics,Accessories,4,115.28,0.24,5.6,26-35,Debit Card,350.45,63.65,0,1
ORD00227,2022-01-03,South,Electronics,Laptops,6,664.39,0.27,3.42,56+,Debit Card,2910.03,299.77,0,1
ORD00228,2023-03-02,South,Office Supplies,Binders,8,155.14,0.17,3.83,56+,Credit Card,1030.13,129.3,0,1
ORD00229,2024-05-30,East,Furniture,Tables,7,410.5,0.03,9.36,56+,Cash,2787.3,454.17,0,1
ORD00230,2022-06-23,South,Electronics,Phones,3,701.94,0.14,8.03,26-35,Credit Card,1811.01,171.34,0,1
ORD00231,2022-08-27,East,Furniture,Sofas,7,341.62,0.07,5.86,18-25,Debit Card,2223.95,441.72,0,1
ORD00232,2024-10-18,East,Electronics,Laptops,3,497.79,0.2,6.64,46-55,Gift Card,1194.7,192.88,0,1
ORD00233,2022-01-17,North,Electronics,Tablets,8,146.3,0.03,10.87,46-55,Cash,1135.29,220.92,0,1
ORD00234,2022-03-24,North,Clothing,Pants,8,100.34,0.18,6.02,56+,Credit Card,658.23,93.3,0,1
ORD00235,2023-10-01,East,Clothing,Shirts,1,126.46,0.2,1.05,18-25,PayPal,101.17,21.25,0,0
ORD00236,2023-09-05,West,Clothing,Shirts,3,84.61,0.1,5.0,46-55,PayPal,228.45,49.66,1,0
ORD00237,2023-11-16,North,Electronics,Accessories,1,796.61,0.13,5.0,56+,Debit Card,693.05,135.23,0,1
ORD00238,2024-09-21,North,Furniture,Sofas,9,127.17,0.12,6.34,56+,Gift Card,1007.19,257.29,0,1
ORD00239,2022-11-08,East,Clothing,Shoes,8,121.36,0.28,3.52,46-55,Gift Card,699.03,104.74,0,1
ORD00240,2024-10-23,West,Electronics,Phones,8,626.45,0.07,10.07,56+,Debit Card,4660.79,341.32,0,1
ORD00241,2024-03-25,West,Clothing,Pants,1,95.19,0.15,2.39,46-55,Cash,80.91,5.32,0,0
ORD00242,2022-08-24,West,Clothing,Accessories,2,63.33,0.1,3.59,18-25,Cash,113.99,20.23,0,0
ORD00243,2022-10-17,West,Office Supplies,Art Supplies,4,175.3,0.05,11.79,36-45,Debit Card,666.14,129.0,0,1
ORD00244,2023-02-09,West,Electronics,Phones,1,137.27,0.25,5.71,18-25,Credit Card,102.95,27.75,0,0
ORD00245,2024-04-13,West,Electronics,Accessories,7,278.51,0.02,6.04,26-35,Gift Card,1910.58,178.41,0,1
ORD00246,2022-12-24,North,Food & Beverage,Prepared Meals,4,29.08,0.28,8.63,18-25,PayPal,83.75,14.22,0,0
ORD00247,2023-09-19,East,Clothing,Shirts,1,94.88,0.23,2.62,36-45,Gift Card,73.06,12.83,0,0
ORD00248,2022-06-01,East,Office Supplies,Paper,5,28.74,0.14,7.59,56+,Gift Card,123.58,13.36,0,0
ORD00249,2024-03-14,South,Furniture,Cabinets,4,280.52,0.03,9.61,26-35,Credit Card,1088.42,113.21,0,1
ORD00250,2023-11-04,East,Food & Beverage,Prepared Meals,3,19.94,0.17,2.88,18-25,Cash,49.65,5.11,0,0
ORD00251,2024-02-19,South,Clothing,Shirts,8,51.63,0.13,2.56,56+,Cash,359.34,24.67,0,0
ORD00252,2022-10-02,North,Furniture,Sofas,7,424.53,0.02,7.64,36-45,Cash,2912.28,871.28,0,1
ORD00253,2023-09-29,East,Electronics,Laptops,4,180.31,0.2,12.72,26-35,Gift Card,576.99,133.33,0,1
ORD00254,2023-02-23,West,Electronics,Laptops,3,325.82,0.12,12.41,18-25,Credit Card,860.16,200.77,0,1
ORD00255,2022-01-12,South,Clothing,Accessories,2,28.73,0.13,11.86,46-55,Cash,49.99,9.77,0,0
ORD00256,2022-07-16,South,Office Supplies,Art Supplies,5,46.96,0.0,3.62,36-45,Gift Card,234.8,69.02,0,1
ORD00257,2024-09-19,North,Electronics,Laptops,4,328.56,0.08,9.69,26-35,Gift Card,1209.1,211.39,0,1
ORD00258,2022-06-04,North,Electronics,Accessories,4,698.5,0.07,9.78,46-55,PayPal,2598.42,656.55,0,1
ORD00259,2024-06-07,West,Food & Beverage,Canned Goods,5,47.85,0.04,1.53,46-55,Cash,229.68,49.31,1,0
ORD00260,2024-04-16,South,Food & Beverage,Snacks,1,42.2,0.01,13.53,36-45,PayPal,41.78,6.91,0,0
ORD00261,2023-11-13,North,Office Supplies,Storage,6,129.15,0.18,1.0,56+,Cash,635.42,114.12,0,1
ORD00262,2024-02-02,North,Furniture,Cabinets,1,282.67,0.01,0.57,56+,Credit Card,279.84,66.2,0,1
ORD00263,2024-04-09,North,Furniture,Sofas,3,36.9,0.29,11.06,26-35,Debit Card,78.6,10.87,0,0
ORD00264,2022-12-28,East,Office Supplies,Art Supplies,3,133.97,0.06,2.61,18-25,Credit Card,377.8,28.18,0,0
ORD00265,2024-03-01,West,Clothing,Pants,6,21.57,0.15,13.48,26-35,PayPal,110.01,27.02,0,0
ORD00266,2024-10-06,South,Food & Beverage,Prepared Meals,2,1.51,0.08,3.91,18-25,PayPal,2.78,0.19,1,0
ORD00267,2023-05-10,North,Clothing,Shirts,2,55.11,0.04,7.12,46-55,Credit Card,105.81,8.31,0,0
ORD00268,2024-08-09,East,Food & Beverage,Canned Goods,2,7.28,0.1,13.92,56+,PayPal,13.1,1.39,0,0
ORD00269,2023-03-23,West,Office Supplies,Paper,9,36.92,0.08,13.92,46-55,Credit Card,305.7,66.95,0,1
ORD00270,2022-01-14,East,Furniture,Cabinets,5,192.97,0.24,12.92,36-45,Credit Card,733.29,191.85,1,1
ORD00271,2022-09-18,West,Electronics,Laptops,5,783.8,0.22,8.37,46-55,Gift Card,3056.82,290.85,0,1
ORD00272,2022-11-27,West,Food & Beverage,Snacks,6,49.25,0.28,0.65,46-55,Cash,212.76,19.4,0,0
ORD00273,2024-01-21,East,Furniture,Sofas,2,151.7,0.15,12.61,26-35,Credit Card,257.89,60.14,0,1
ORD00274,2023-09-03,North,Food & Beverage,Beverages,8,30.99,0.03,2.27,36-45,Cash,240.48,17.66,0,0
ORD00275,2024-06-25,South,Furniture,Chairs,5,121.24,0.14,0.14,26-35,Cash,521.33,58.22,0,1
ORD00276,2024-10-22,South,Furniture,Tables,8,140.55,0.26,9.86,18-25,Debit Card,832.06,106.28,0,1
ORD00277,2024-04-22,West,Clothing,Accessories,2,59.75,0.24,8.31,56+,Gift Card,90.82,4.66,0,0
ORD00278,2022-02-06,East,Office Supplies,Binders,1,7.15,0.22,11.38,46-55,Credit Card,5.58,1.22,0,0
ORD00279,2024-05-20,West,Clothing,Shoes,6,132.73,0.3,5.52,36-45,Gift Card,557.47,90.39,0,1
ORD00280,2024-07-05,North,Office Supplies,Paper,3,31.88,0.2,0.03,36-45,PayPal,76.51,7.24,0,0
ORD00281,2022-06-22,West,Electronics,Phones,9,340.76,0.12,13.11,36-45,Cash,2698.82,479.11,0,1
ORD00282,2022-04-18,North,Electronics,Tablets,7,577.21,0.02,7.3,46-55,Gift Card,3959.66,791.31,0,1
ORD00283,2022-01-24,North,Clothing,Pants,3,79.76,0.02,0.88,36-45,Gift Card,234.49,31.32,0,0
ORD00284,2024-01-02,West,Food & Beverage,Beverages,4,26.35,0.13,2.21,18-25,PayPal,91.7,12.11,0,0
ORD00285,2022-04-02,North,Office Supplies,Paper,4,17.2,0.24,11.5,56+,Debit Card,52.29,12.2,0,0
ORD00286,2022-06-29,North,Furniture,Cabinets,6,392.62,0.24,1.78,46-55,Gift Card,1790.35,272.99,0,1
ORD00287,2023-02-01,South,Office Supplies,Art Supplies,9,190.31,0.06,8.48,36-45,PayPal,1610.02,474.81,0,1
ORD00288,2023-12-26,West,Office Supplies,Paper,6,58.25,0.16,4.48,36-45,Credit Card,293.58,83.72,0,1
ORD00289,2023-03-21,East,Electronics,Tablets,3,332.69,0.14,7.21,36-45,Cash,858.34,136.3,1,1
ORD00290,2024-01-01,South,Office Supplies,Paper,4,14.72,0.27,13.64,56+,Debit Card,42.98,10.53,0,0
ORD00291,2022-03-01,East,Office Supplies,Storage,9,151.52,0.2,14.35,26-35,Gift Card,1090.94,73.35,0,1
ORD00292,2022-10-19,North,Office Supplies,Storage,7,53.16,0.27,3.74,36-45,Debit Card,271.65,32.05,0,0
ORD00293,2023-04-11,North,Clothing,Shoes,6,19.15,0.15,0.5,18-25,Cash,97.66,6.41,1,0
ORD00294,2022-05-24,East,Furniture,Tables,4,209.66,0.23,1.3,36-45,PayPal,645.75,70.51,0,1
ORD00295,2023-07-21,South,Furniture,Tables,8,349.3,0.28,0.78,26-35,Credit Card,2011.97,311.25,0,1
ORD00296,2024-01-26,East,Electronics,Phones,5,242.4,0.2,2.97,36-45,Gift Card,969.6,185.52,0,1
ORD00297,2024-10-02,South,Food & Beverage,Canned Goods,9,9.97,0.01,10.8,26-35,Debit Card,88.83,13.72,0,0
ORD00298,2023-12-09,South,Food & Beverage,Beverages,1,26.65,0.03,12.9,46-55,Credit Card,25.85,5.96,0,0
ORD00299,2024-01-02,West,Office Supplies,Binders,1,124.52,0.07,12.7,46-55,Gift Card,115.8,18.2,0,0
ORD00300,2023-11-18,East,Clothing,Pants,9,103.66,0.14,6.18,56+,Debit Card,802.33,170.69,0,1
ORD00301,2022-03-06,East,Clothing,Pants,8,25.67,0.11,14.67,36-45,Gift Card,182.77,45.42,0,0
ORD00302,2022-12-18,West,Clothing,Shoes,5,33.06,0.1,11.35,46-55,Gift Card,148.77,26.76,0,0
ORD00303,2024-06-26,West,Furniture,Tables,6,122.12,0.08,14.2,56+,Debit Card,674.1,128.11,0,1
ORD00304,2023-07-31,East,Electronics,Tablets,2,98.9,0.14,13.64,36-45,Gift Card,170.11,31.41,0,0
ORD00305,2022-04-20,North,Food & Beverage,Snacks,4,23.13,0.12,1.4,36-45,Credit Card,81.42,13.05,0,0
ORD00306,2022-07-13,South,Office Supplies,Storage,8,60.99,0.24,8.66,56+,Debit Card,370.82,77.37,0,1
ORD00307,2023-02-14,West,Electronics,Laptops,8,440.14,0.13,8.37,46-55,Cash,3063.37,280.33,0,1
ORD00308,2023-01-11,North,Clothing,Shirts,2,33.64,0.15,8.97,46-55,Gift Card,57.19,3.34,0,0
ORD00309,2024-01-28,East,Furniture,Cabinets,5,280.98,0.18,1.25,18-25,Cash,1152.02,311.74,0,1
ORD00310,2023-06-07,South,Electronics,Accessories,1,363.32,0.3,10.02,18-25,Cash,254.32,53.07,0,0
ORD00311,2024-06-30,South,Furniture,Chairs,7,104.0,0.21,1.4,36-45,PayPal,575.12,32.98,0,0
ORD00312,2022-08-05,South,Clothing,Accessories,5,146.28,0.1,4.45,56+,Credit Card,658.26,184.02,0,1
ORD00313,2024-02-25,North,Electronics,Accessories,9,403.38,0.25,6.89,26-35,Debit Card,2722.82,379.7,0,1
ORD00314,2024-05-06,West,Electronics,Accessories,5,134.71,0.03,10.79,26-35,Cash,653.34,101.29,1,1
ORD00315,2024-02-04,North,Electronics,Laptops,2,611.62,0.2,9.31,46-55,Gift Card,978.59,135.14,0,1
ORD00316,2023-05-03,West,Electronics,Phones,3,73.34,0.22,1.6,46-55,Gift Card,171.62,22.09,0,0
ORD00317,2023-12-06,North,Food & Beverage,Beverages,6,42.93,0.07,12.56,26-35,Cash,239.55,28.7,0,0
ORD00318,2023-12-19,West,Electronics,Accessories,9,211.65,0.11,1.03,26-35,Gift Card,1695.32,408.21,0,1
ORD00319,2024-02-25,West,Furniture,Chairs,4,526.59,0.23,11.83,56+,Cash,1621.9,350.73,0,1
ORD00320,2024-07-27,North,Food & Beverage,Snacks,7,9.28,0.12,5.69,46-55,PayPal,57.16,6.1,0,0
ORD00321,2022-05-14,North,Clothing,Shoes,3,146.75,0.03,6.34,36-45,Credit Card,427.04,25.84,0,0
ORD00322,2024-08-07,East,Electronics,Accessories,7,145.59,0.21,14.59,26-35,Credit Card,805.11,206.52,0,1
ORD00323,2024-05-18,East,Furniture,Chairs,7,384.17,0.17,9.42,36-45,Gift Card,2232.03,408.84,0,1
ORD00324,2023-04-11,East,Furniture,Cabinets,8,431.1,0.16,1.45,46-55,Debit Card,2896.99,320.04,0,1
ORD00325,2023-04-30,South,Electronics,Tablets,9,668.4,0.02,3.4,18-25,Cash,5895.29,1371.02,0,1
ORD00326,2022-03-08,South,Electronics,Laptops,8,707.95,0.1,5.11,18-25,Cash,5097.24,1515.19,0,1
ORD00327,2023-07-04,East,Food & Beverage,Canned Goods,1,14.98,0.13,4.02,56+,PayPal,13.03,3.22,0,0
ORD00328,2023-11-13,East,Electronics,Laptops,4,215.17,0.15,11.06,36-45,Cash,731.58,132.64,0,1
ORD00329,2024-06-17,North,Office Supplies,Art Supplies,2,176.4,0.17,7.76,18-25,Cash,292.82,46.15,0,0
ORD00330,2023-03-26,West,Clothing,Accessories,9,57.71,0.05,2.56,46-55,Cash,493.42,141.63,0,1
ORD00331,2024-03-26,South,Clothing,Accessories,3,43.24,0.15,1.56,36-45,Gift Card,110.26,16.11,0,0
ORD00332,2023-11-06,East,Electronics,Tablets,2,253.68,0.14,14.76,18-25,PayPal,436.33,51.16,0,0
ORD00333,2024-07-10,South,Food & Beverage,Prepared Meals,2,18.73,0.14,0.68,36-45,Credit Card,32.22,2.74,0,0
ORD00334,2024-10-01,North,Office Supplies,Art Supplies,1,126.39,0.14,6.71,36-45,PayPal,108.7,18.32,0,0
ORD00335,2023-07-10,West,Furniture,Cabinets,1,34.37,0.07,0.55,36-45,PayPal,31.96,2.46,0,0
ORD00336,2024-04-09,North,Office Supplies,Storage,1,47.61,0.12,0.67,36-45,Credit Card,41.9,5.0,0,0
ORD00337,2022-10-22,North,Clothing,Shoes,1,25.94,0.1,7.61,56+,Debit Card,23.35,6.27,0,0
ORD00338,2023-12-28,North,Furniture,Cabinets,3,286.84,0.28,2.48,18-25,Debit Card,619.57,91.37,0,1
ORD00339,2024-07-01,North,Furniture,Sofas,5,177.16,0.2,4.45,36-45,PayPal,708.64,162.71,1,1
ORD00340,2024-01-16,North,Food & Beverage,Beverages,9,32.18,0.02,3.86,46-55,Cash,283.83,18.42,0,0
ORD00341,2023-12-11,East,Clothing,Shirts,2,103.14,0.24,9.94,56+,Debit Card,156.77,11.46,0,0
ORD00342,2023-07-23,East,Clothing,Shoes,1,19.94,0.02,5.32,36-45,Debit Card,19.54,5.58,0,0
ORD00343,2023-12-03,North,Electronics,Laptops,2,716.03,0.18,7.53,46-55,Gift Card,1174.29,99.48,0,1
ORD00344,2022-06-09,West,Food & Beverage,Snacks,3,36.47,0.04,13.54,36-45,Cash,105.03,7.0,0,0
ORD00345,2022-05-27,West,Furniture,Sofas,1,426.08,0.16,6.73,46-55,Debit Card,357.91,25.45,0,0
ORD00346,2024-07-30,North,Furniture,Chairs,1,153.15,0.14,12.25,46-55,Debit Card,131.71,8.8,0,0
ORD00347,2024-05-30,West,Electronics,Accessories,4,554.72,0.08,4.59,36-45,Credit Card,2041.37,504.72,0,1
ORD00348,2024-04-05,East,Office Supplies,Binders,3,92.77,0.17,11.39,26-35,Cash,231.0,17.26,0,0
ORD00349,2022-01-13,South,Electronics,Laptops,9,70.57,0.12,7.89,26-35,Debit Card,558.91,99.44,0,1
ORD00350,2023-10-30,West,Electronics,Accessories,5,717.57,0.1,2.32,56+,Gift Card,3229.07,182.0,0,1
ORD00351,2023-10-21,East,Clothing,Pants,1,24.18,0.25,7.97,56+,Credit Card,18.13,4.72,0,0
ORD00352,2023-08-02,North,Office Supplies,Storage,4,37.64,0.29,3.43,46-55,Gift Card,106.9,31.47,0,0
ORD00353,2022-05-21,West,Clothing,Shirts,6,139.59,0.12,5.93,26-35,Cash,737.04,94.56,0,1
ORD00354,2023-05-20,North,Clothing,Accessories,5,126.97,0.11,5.62,56+,Cash,565.02,95.21,0,1
ORD00355,2024-10-25,South,Food & Beverage,Beverages,9,49.22,0.09,14.42,26-35,PayPal,403.11,59.41,0,1
ORD00356,2022-12-18,North,Electronics,Laptops,4,785.08,0.14,7.98,36-45,Debit Card,2700.68,248.69,0,1
ORD00357,2024-05-17,South,Office Supplies,Binders,3,63.95,0.08,2.92,36-45,Gift Card,176.5,11.37,0,0
ORD00358,2022-10-07,East,Electronics,Accessories,7,458.62,0.05,8.74,26-35,Gift Card,3049.82,914.73,0,1
ORD00359,2024-04-24,East,Furniture,Sofas,4,259.01,0.3,13.2,56+,Gift Card,725.23,149.29,0,1
ORD00360,2023-10-04,North,Food & Beverage,Beverages,5,36.81,0.04,12.79,56+,Gift Card,176.69,40.24,1,0
ORD00361,2022-05-17,South,Furniture,Sofas,5,371.5,0.11,6.88,56+,Credit Card,1653.17,98.36,0,1
ORD00362,2023-07-22,North,Electronics,Phones,5,645.66,0.08,13.16,56+,Cash,2970.04,849.46,0,1
ORD00363,2023-04-24,South,Food & Beverage,Canned Goods,4,43.31,0.18,5.63,56+,Credit Card,142.06,17.25,0,0
ORD00364,2024-02-27,West,Food & Beverage,Prepared Meals,9,18.75,0.22,13.42,36-45,PayPal,131.62,21.59,0,0
ORD00365,2023-09-15,South,Clothing,Shoes,4,122.92,0.14,14.94,46-55,Credit Card,422.84,27.43,0,0
ORD00366,2023-10-24,North,Furniture,Cabinets,1,539.06,0.02,13.25,46-55,PayPal,528.28,85.62,0,1
ORD00367,2023-10-10,West,Furniture,Sofas,7,40.9,0.14,10.32,56+,Debit Card,246.22,56.8,0,1
ORD00368,2022-05-20,East,Office Supplies,Art Supplies,5,74.95,0.24,4.18,46-55,Debit Card,284.81,29.24,1,0
ORD00369,2022-01-10,East,Food & Beverage,Snacks,3,10.83,0.3,1.35,36-45,Debit Card,22.74,1.15,0,0
ORD00370,2022-12-20,West,Electronics,Accessories,5,605.36,0.04,11.3,46-55,Debit Card,2905.73,703.86,0,1
ORD00371,2024-03-03,South,Electronics,Phones,4,575.03,0.03,5.99,36-45,PayPal,2231.12,514.91,0,1
ORD00372,2023-12-12,West,Furniture,Tables,6,204.5,0.16,9.48,36-45,Gift Card,1030.68,200.22,0,1
ORD00373,2022-01-07,East,Furniture,Tables,3,327.87,0.09,1.15,46-55,Gift Card,895.09,156.78,0,1
ORD00374,2024-01-02,West,Clothing,Shoes,2,20.21,0.12,4.43,46-55,Credit Card,35.57,3.84,0,0
ORD00375,2024-04-10,North,Clothing,Accessories,8,66.71,0.27,4.82,26-35,Debit Card,389.59,65.88,0,1
ORD00376,2023-10-25,East,Electronics,Phones,5,75.25,0.06,6.24,36-45,PayPal,353.67,84.85,0,1
ORD00377,2024-01-15,West,Office Supplies,Paper,4,126.83,0.02,10.24,18-25,PayPal,497.17,54.93,0,1
ORD00378,2024-04-30,South,Office Supplies,Art Supplies,8,61.54,0.17,1.8,46-55,Cash,408.63,114.09,0,1
ORD00379,2023-02-20,North,Clothing,Shirts,2,28.74,0.19,0.81,56+,Gift Card,46.56,11.04,0,0
ORD00380,2022-01-01,South,Office Supplies,Art Supplies,2,58.85,0.21,0.94,18-25,PayPal,92.98,24.16,0,0
ORD00381,2022-09-13,West,Food & Beverage,Prepared Meals,9,5.05,0.28,12.4,56+,Gift Card,32.72,2.7,0,0
ORD00382,2024-06-15,North,Furniture,Chairs,4,479.69,0.27,6.51,46-55,Cash,1400.69,388.67,0,1
ORD00383,2024-09-23,East,Food & Beverage,Prepared Meals,5,6.69,0.01,8.47,26-35,Debit Card,33.12,9.36,0,0
ORD00384,2023-11-30,West,Food & Beverage,Snacks,7,13.46,0.26,2.74,18-25,Credit Card,69.72,8.34,0,0
ORD00385,2023-12-01,South,Office Supplies,Storage,9,63.12,0.03,11.73,56+,PayPal,551.04,116.29,0,1
ORD00386,2023-01-08,South,Food & Beverage,Beverages,7,25.52,0.13,6.87,36-45,Gift Card,155.42,15.89,0,0
ORD00387,2023-01-18,East,Furniture,Cabinets,7,467.51,0.12,12.33,56+,Cash,2879.86,756.21,0,1
ORD00388,2023-11-11,East,Food & Beverage,Canned Goods,6,44.13,0.06,10.17,56+,Cash,248.89,50.26,0,0
ORD00389,2022-05-22,West,Electronics,Accessories,7,144.29,0.22,14.62,36-45,Credit Card,787.82,49.67,0,0
ORD00390,2023-04-30,West,Food & Beverage,Prepared Meals,1,44.62,0.09,5.52,18-25,Gift Card,40.6,2.62,0,0
ORD00391,2023-06-18,West,Office Supplies,Binders,5,139.17,0.07,13.67,18-25,Gift Card,647.14,167.98,0,1
ORD00392,2024-09-08,West,Furniture,Cabinets,3,310.93,0.12,7.96,26-35,Debit Card,820.86,163.17,0,1
ORD00393,2023-04-25,North,Food & Beverage,Snacks,4,3.04,0.12,11.43,26-35,Credit Card,10.7,1.75,0,0
ORD00394,2022-08-16,West,Office Supplies,Storage,6,8.3,0.23,12.11,26-35,PayPal,38.35,3.07,0,0
ORD00395,2022-01-19,South,Clothing,Accessories,5,57.85,0.22,3.35,18-25,Debit Card,225.62,47.48,0,0
ORD00396,2023-08-11,South,Food & Beverage,Prepared Meals,5,32.68,0.29,12.71,46-55,Gift Card,116.01,6.49,0,0
ORD00397,2024-03-20,West,Office Supplies,Binders,9,61.77,0.06,2.28,46-55,Gift Card,522.57,143.64,0,1
ORD00398,2024-08-27,East,Food & Beverage,Prepared Meals,2,24.72,0.22,7.11,36-45,Gift Card,38.56,2.49,1,0
ORD00399,2024-09-01,West,Furniture,Tables,5,332.52,0.2,9.67,36-45,Gift Card,1330.08,253.15,0,1
ORD00400,2022-07-31,East,Furniture,Sofas,7,110.26,0.19,11.72,36-45,Debit Card,625.17,121.64,0,1
ORD00401,2024-04-18,West,Office Supplies,Storage,8,181.75,0.05,9.64,36-45,Gift Card,1381.3,348.73,1,1
ORD00402,2022-12-15,East,Office Supplies,Paper,6,96.65,0.27,10.62,56+,Gift Card,423.33,27.75,0,0
ORD00403,2022-01-09,West,Clothing,Shoes,4,42.24,0.01,6.23,26-35,Cash,167.27,20.99,0,0
ORD00404,2023-01-02,North,Office Supplies,Paper,5,192.65,0.19,13.93,36-45,PayPal,780.23,187.42,0,1
ORD00405,2022-07-06,East,Clothing,Pants,3,33.2,0.13,3.14,26-35,Gift Card,86.65,5.42,0,0
ORD00406,2024-10-11,East,Food & Beverage,Prepared Meals,2,42.84,0.07,14.41,26-35,Credit Card,79.68,7.91,1,0
ORD00407,2024-10-25,South,Furniture,Chairs,9,154.9,0.14,13.79,56+,Debit Card,1198.93,112.73,0,1
ORD00408,2022-01-14,South,Electronics,Phones,6,192.58,0.24,13.62,46-55,Cash,878.16,251.09,1,1
ORD00409,2023-06-24,West,Electronics,Laptops,2,775.29,0.12,12.81,18-25,Gift Card,1364.51,331.95,0,1
ORD00410,2022-08-28,South,Clothing,Accessories,7,119.39,0.29,11.45,46-55,Debit Card,593.37,156.53,0,1
ORD00411,2024-05-13,East,Office Supplies,Art Supplies,4,74.62,0.28,3.43,18-25,Credit Card,214.91,44.83,0,0
ORD00412,2022-11-29,South,Food & Beverage,Snacks,2,26.22,0.24,3.81,26-35,PayPal,39.85,4.44,0,0
ORD00413,2024-07-14,South,Electronics,Tablets,4,266.66,0.12,13.79,46-55,Debit Card,938.64,280.01,0,1
ORD00414,2024-02-26,East,Electronics,Phones,1,526.58,0.03,0.49,36-45,Gift Card,510.78,32.91,0,0
ORD00415,2022-10-12,North,Office Supplies,Art Supplies,1,158.57,0.08,8.46,46-55,Gift Card,145.88,20.37,0,0
ORD00416,2022-09-06,West,Furniture,Cabinets,4,88.03,0.15,3.31,36-45,Debit Card,299.3,17.88,0,0
ORD00417,2022-07-01,North,Office Supplies,Binders,2,137.51,0.07,6.47,46-55,Cash,255.77,58.77,0,1
ORD00418,2023-03-19,South,Electronics,Accessories,3,261.87,0.11,13.41,36-45,Gift Card,699.19,200.4,0,1
ORD00419,2023-03-10,South,Furniture,Cabinets,4,499.2,0.27,8.17,46-55,Gift Card,1457.66,147.39,0,1
ORD00420,2022-11-02,East,Electronics,Tablets,7,74.61,0.19,5.47,18-25,Debit Card,423.04,52.38,0,0
ORD00421,2023-04-21,South,Clothing,Shoes,8,125.74,0.01,10.9,26-35,Credit Card,995.86,242.47,0,1
ORD00422,2024-05-02,East,Clothing,Pants,2,132.62,0.16,4.24,46-55,Cash,222.8,34.83,0,0
ORD00423,2022-05-13,East,Office Supplies,Paper,9,5.0,0.12,7.84,36-45,Cash,39.6,2.52,1,0
ORD00424,2022-08-22,South,Electronics,Phones,6,57.57,0.13,13.24,46-55,Cash,300.52,18.93,0,0
ORD00425,2022-11-17,South,Clothing,Shoes,3,102.83,0.22,12.73,18-25,Cash,240.62,37.45,0,0
ORD00426,2022-12-03,East,Food & Beverage,Beverages,9,13.39,0.08,1.88,26-35,Debit Card,110.87,14.88,1,0
ORD00427,2023-02-24,West,Furniture,Cabinets,8,464.62,0.16,2.24,56+,Cash,3122.25,453.26,0,1
ORD00428,2024-02-19,West,Food & Beverage,Canned Goods,2,39.25,0.18,14.28,56+,Debit Card,64.37,3.9,0,0
ORD00429,2023-09-15,South,Food & Beverage,Snacks,4,31.98,0.04,8.4,56+,PayPal,122.8,30.11,0,0
ORD00430,2022-06-27,East,Electronics,Phones,1,749.69,0.25,10.46,18-25,Gift Card,562.27,128.52,0,1
ORD00431,2024-08-10,South,Food & Beverage,Beverages,7,7.13,0.26,5.17,26-35,Cash,36.93,2.13,0,0
ORD00432,2022-05-28,West,Electronics,Laptops,6,301.71,0.29,12.85,56+,PayPal,1285.28,289.56,0,1
ORD00433,2023-08-05,North,Food & Beverage,Canned Goods,7,27.92,0.09,7.24,18-25,PayPal,177.85,31.42,0,0
ORD00434,2024-07-26,South,Food & Beverage,Canned Goods,1,2.23,0.25,0.17,46-55,Gift Card,1.67,0.38,1,0
ORD00435,2023-03-29,North,Food & Beverage,Canned Goods,4,28.39,0.15,10.59,36-45,Credit Card,96.53,17.72,0,0
ORD00436,2023-03-21,West,Office Supplies,Paper,5,145.1,0.26,2.69,26-35,Gift Card,536.87,134.22,0,1
ORD00437,2023-02-15,North,Electronics,Tablets,9,167.95,0.09,4.35,36-45,Credit Card,1375.51,368.44,0,1
ORD00438,2024-04-03,North,Electronics,Tablets,7,284.65,0.28,12.76,18-25,Cash,1434.64,423.9,0,1
ORD00439,2022-09-13,West,Furniture,Tables,8,59.55,0.16,4.31,46-55,Cash,400.18,50.7,0,0
ORD00440,2023-10-05,West,Clothing,Accessories,1,70.28,0.26,9.08,46-55,Credit Card,52.01,5.81,0,0
ORD00441,2022-03-28,South,Office Supplies,Paper,9,138.66,0.1,0.85,26-35,Gift Card,1123.15,161.15,1,1
ORD00442,2023-10-26,West,Food & Beverage,Beverages,6,36.94,0.03,11.71,26-35,Credit Card,214.99,52.96,0,0
ORD00443,2024-10-21,North,Office Supplies,Storage,8,58.88,0.13,14.71,56+,PayPal,409.8,27.41,0,0
ORD00444,2022-07-05,West,Furniture,Tables,6,342.24,0.29,8.33,46-55,Cash,1457.94,142.08,0,1
ORD00445,2022-07-31,South,Office Supplies,Binders,1,82.53,0.08,3.08,18-25,Credit Card,75.93,12.97,0,0
ORD00446,2022-10-25,West,Food & Beverage,Snacks,6,48.46,0.18,1.15,26-35,Debit Card,238.42,16.43,1,0
ORD00447,2022-11-04,North,Electronics,Phones,6,571.85,0.14,1.38,46-55,Gift Card,2950.75,555.76,0,1
ORD00448,2023-12-29,North,Furniture,Chairs,6,173.01,0.2,10.6,46-55,PayPal,830.45,168.17,0,1
ORD00449,2022-10-08,South,Food & Beverage,Beverages,2,43.44,0.28,1.59,18-25,Debit Card,62.55,5.55,1,0
ORD00450,2024-02-01,East,Furniture,Sofas,5,145.5,0.18,10.52,56+,Gift Card,596.55,131.26,0,1
ORD00451,2022-01-16,East,Furniture,Sofas,4,563.67,0.16,14.09,26-35,Gift Card,1893.93,199.09,0,1
ORD00452,2023-10-01,South,Clothing,Shoes,6,146.78,0.03,0.12,36-45,Credit Card,854.26,135.31,0,1
ORD00453,2024-02-13,South,Clothing,Accessories,9,70.76,0.08,6.52,18-25,Cash,585.89,135.26,0,1
ORD00454,2023-09-02,West,Food & Beverage,Prepared Meals,1,27.8,0.2,10.51,46-55,PayPal,22.24,2.25,0,0
ORD00455,2024-04-26,South,Office Supplies,Storage,4,7.68,0.07,3.22,26-35,Gift Card,28.57,3.36,0,0
ORD00456,2022-03-06,West,Furniture,Tables,2,447.66,0.18,10.09,36-45,Debit Card,734.16,51.6,1,0
ORD00457,2024-05-17,West,Electronics,Tablets,6,337.46,0.15,4.25,46-55,Gift Card,1721.05,424.57,0,1
ORD00458,2023-06-16,South,Clothing,Pants,7,113.31,0.16,1.03,36-45,Debit Card,666.26,95.13,1,1
ORD00459,2023-08-28,East,Electronics,Tablets,9,300.21,0.26,13.73,36-45,Credit Card,1999.4,529.75,0,1
ORD00460,2024-03-25,South,Electronics,Accessories,2,522.69,0.07,10.58,46-55,Gift Card,972.2,152.54,0,1
ORD00461,2023-11-03,North,Electronics,Laptops,5,637.99,0.13,7.5,56+,Gift Card,2775.26,683.47,0,1
ORD00462,2022-07-27,South,Clothing,Pants,6,80.37,0.02,7.37,36-45,Cash,472.58,133.16,0,1
ORD00463,2024-03-01,North,Furniture,Tables,6,403.45,0.08,2.39,18-25,PayPal,2227.04,200.69,0,1
ORD00464,2022-07-11,South,Food & Beverage,Beverages,5,37.59,0.22,12.4,46-55,Debit Card,146.6,23.68,0,0
ORD00465,2022-01-09,East,Office Supplies,Storage,8,112.91,0.08,11.14,46-55,Gift Card,831.02,57.47,0,1
ORD00466,2024-05-06,East,Office Supplies,Art Supplies,7,190.8,0.1,5.32,36-45,Gift Card,1202.04,212.05,1,1
ORD00467,2024-06-25,West,Clothing,Shirts,5,136.5,0.02,12.43,46-55,Cash,668.85,91.78,0,1
ORD00468,2024-04-01,South,Office Supplies,Art Supplies,7,168.39,0.26,11.23,46-55,Credit Card,872.26,139.39,0,1
ORD00469,2022-06-15,South,Furniture,Chairs,5,264.32,0.22,5.77,36-45,Gift Card,1030.85,177.66,0,1
ORD00470,2024-02-05,West,Office Supplies,Binders,5,145.15,0.22,7.72,26-35,Cash,566.09,51.14,0,0
ORD00471,2022-01-20,South,Clothing,Pants,3,43.82,0.11,1.58,46-55,Gift Card,117.0,12.35,0,0
ORD00472,2023-09-21,East,Office Supplies,Storage,7,16.26,0.12,3.51,46-55,PayPal,100.16,10.51,1,0
ORD00473,2023-09-30,South,Office Supplies,Binders,9,86.08,0.13,8.11,26-35,Gift Card,674.01,151.05,0,1
ORD00474,2022-06-27,West,Furniture,Chairs,2,216.7,0.16,8.63,56+,Credit Card,364.06,20.22,1,0
ORD00475,2023-12-22,North,Electronics,Phones,5,137.9,0.1,2.14,46-55,Debit Card,620.55,138.39,0,1
ORD00476,2023-02-10,South,Electronics,Laptops,1,559.17,0.23,14.27,18-25,Debit Card,430.56,105.11,0,1
ORD00477,2024-06-05,West,Office Supplies,Paper,3,114.33,0.19,10.33,56+,Gift Card,277.82,31.48,0,0
ORD00478,2024-01-19,West,Clothing,Shirts,8,115.37,0.14,13.11,18-25,Gift Card,793.75,80.06,0,1
ORD00479,2022-10-23,West,Electronics,Phones,7,388.47,0.06,12.82,56+,Cash,2556.13,691.79,0,1
ORD00480,2022-03-20,East,Electronics,Tablets,9,652.65,0.27,3.05,26-35,Credit Card,4287.91,286.19,0,1
ORD00481,2023-02-07,North,Food & Beverage,Beverages,9,37.41,0.25,8.18,26-35,Debit Card,252.52,74.6,0,1
ORD00482,2023-06-15,East,Office Supplies,Art Supplies,6,89.53,0.3,8.39,46-55,Credit Card,376.03,48.99,0,0
ORD00483,2022-12-29,East,Clothing,Accessories,8,19.62,0.11,6.96,56+,Debit Card,139.69,32.23,0,0
ORD00484,2024-01-03,South,Office Supplies,Paper,2,134.03,0.15,0.08,18-25,Credit Card,227.85,57.22,0,1
ORD00485,2023-07-22,West,Clothing,Accessories,9,91.34,0.13,8.22,56+,PayPal,715.19,128.93,0,1
ORD00486,2023-12-02,North,Electronics,Laptops,4,155.24,0.2,9.31,18-25,PayPal,496.77,117.02,0,1
ORD00487,2022-07-21,West,Office Supplies,Paper,6,151.25,0.27,11.38,56+,Credit Card,662.48,132.02,0,1
ORD00488,2024-07-08,South,Furniture,Cabinets,5,338.74,0.23,4.6,36-45,Credit Card,1304.15,200.5,0,1
ORD00489,2023-02-04,North,Office Supplies,Paper,8,66.2,0.07,3.22,26-35,Cash,492.53,76.94,1,1
ORD00490,2023-06-09,North,Furniture,Tables,1,363.26,0.04,6.66,46-55,Credit Card,348.73,56.74,1,1
ORD00491,2023-03-22,East,Furniture,Tables,6,333.95,0.19,11.22,56+,PayPal,1623.0,172.46,0,1
ORD00492,2024-05-03,East,Clothing,Pants,5,107.25,0.07,8.93,18-25,Gift Card,498.71,57.93,0,1
ORD00493,2024-04-22,East,Electronics,Phones,4,396.14,0.29,11.8,46-55,Debit Card,1125.04,273.85,0,1
ORD00494,2022-06-05,North,Office Supplies,Storage,8,11.07,0.08,0.51,36-45,Credit Card,81.48,21.98,0,0
ORD00495,2023-07-31,East,Clothing,Accessories,8,130.14,0.24,6.43,26-35,Cash,791.25,79.34,0,1
ORD00496,2024-02-01,West,Clothing,Pants,7,149.46,0.25,12.67,56+,PayPal,784.66,88.08,0,1
ORD00497,2022-03-11,North,Food & Beverage,Prepared Meals,4,45.25,0.28,12.02,26-35,Credit Card,130.32,28.48,0,0
ORD00498,2023-04-27,North,Office Supplies,Binders,1,192.43,0.27,12.74,46-55,Debit Card,140.47,21.28,0,0
ORD00499,2022-03-24,West,Office Supplies,Art Supplies,5,50.24,0.0,11.47,18-25,Credit Card,251.2,51.73,0,0
ORD00500,2022-02-10,North,Office Supplies,Storage,3,187.99,0.12,6.04,36-45,Cash,496.29,73.28,0,1
ORD00501,2023-10-23,North,Furniture,Chairs,3,282.11,0.21,5.84,26-35,PayPal,668.6,71.69,0,1
ORD00502,2024-08-17,West,Food & Beverage,Canned Goods,2,17.75,0.16,3.17,18-25,Credit Card,29.82,8.91,1,0
ORD00503,2023-11-03,North,Office Supplies,Paper,1,94.93,0.28,7.56,56+,Gift Card,68.35,19.64,0,0
ORD00504,2023-01-10,East,Clothing,Shirts,6,62.24,0.28,2.51,36-45,PayPal,268.88,47.08,0,0
ORD00505,2023-12-22,West,Electronics,Laptops,9,102.35,0.17,11.22,56+,Gift Card,764.55,193.1,0,1
ORD00506,2022-07-31,South,Clothing,Pants,6,73.72,0.2,12.56,26-35,Cash,353.86,32.71,0,0
ORD00507,2024-03-16,East,Office Supplies,Storage,7,38.43,0.14,6.82,26-35,Credit Card,231.35,51.23,1,0
ORD00508,2023-10-23,South,Clothing,Shoes,2,90.17,0.08,13.82,46-55,Cash,165.91,32.49,0,0
ORD00509,2023-01-02,West,Electronics,Accessories,6,576.98,0.02,3.46,36-45,Debit Card,3392.64,946.27,0,1
ORD00510,2022-09-12,West,Food & Beverage,Beverages,7,25.58,0.29,10.25,46-55,Credit Card,127.13,18.29,0,0
ORD00511,2024-07-03,South,Office Supplies,Paper,9,199.46,0.01,13.46,46-55,Cash,1777.19,365.49,1,1
ORD00512,2023-04-26,West,Office Supplies,Storage,5,17.17,0.1,1.01,36-45,PayPal,77.27,22.7,0,0
ORD00513,2024-05-31,South,Office Supplies,Art Supplies,3,112.62,0.24,6.24,56+,Debit Card,256.77,23.63,0,0
ORD00514,2022-02-27,West,Office Supplies,Binders,8,24.69,0.05,2.21,46-55,Cash,187.64,55.03,0,1
ORD00515,2024-09-27,East,Clothing,Pants,8,11.22,0.05,3.11,36-45,PayPal,85.27,17.71,0,0
ORD00516,2022-01-22,East,Clothing,Shoes,7,61.18,0.11,4.54,18-25,Gift Card,381.15,112.0,0,1
ORD00517,2024-07-17,South,Food & Beverage,Beverages,2,17.79,0.26,2.32,56+,Credit Card,26.33,1.86,0,0
ORD00518,2022-11-09,West,Furniture,Cabinets,5,302.74,0.23,4.55,36-45,Credit Card,1165.55,149.1,0,1
ORD00519,2022-06-30,West,Clothing,Pants,7,21.52,0.14,4.6,36-45,Debit Card,129.55,33.11,0,0
ORD00520,2023-03-09,East,Furniture,Cabinets,9,138.71,0.1,8.21,46-55,Credit Card,1123.55,334.75,0,1
ORD00521,2022-07-26,West,Food & Beverage,Canned Goods,7,42.17,0.3,13.34,56+,PayPal,206.63,29.52,0,0
ORD00522,2023-05-22,West,Food & Beverage,Snacks,9,25.14,0.14,12.57,36-45,Gift Card,194.58,27.31,0,0
ORD00523,2023-02-25,North,Electronics,Laptops,7,573.9,0.12,7.71,36-45,Debit Card,3535.22,975.1,0,1
ORD00524,2024-04-25,North,Food & Beverage,Canned Goods,6,28.82,0.17,7.34,36-45,PayPal,143.52,30.31,0,0
ORD00525,2023-07-26,North,Electronics,Phones,9,606.2,0.08,1.97,36-45,Debit Card,5019.34,1323.48,0,1
ORD00526,2024-06-02,South,Clothing,Shoes,3,35.6,0.25,4.29,46-55,PayPal,80.1,22.57,1,0
ORD00527,2023-08-14,South,Office Supplies,Paper,9,158.2,0.08,14.08,46-55,Credit Card,1309.9,358.25,0,1
ORD00528,2024-01-25,East,Clothing,Shirts,5,34.52,0.2,3.31,18-25,Debit Card,138.08,14.44,0,0
ORD00529,2022-09-16,East,Office Supplies,Art Supplies,6,151.58,0.19,9.0,46-55,Debit Card,736.68,46.69,0,0
ORD00530,2022-08-28,West,Office Supplies,Storage,4,94.37,0.11,1.41,18-25,PayPal,335.96,57.63,1,1
ORD00531,2022-02-11,West,Office Supplies,Paper,8,45.47,0.07,13.63,36-45,Credit Card,338.3,56.5,0,1
ORD00532,2024-02-26,North,Electronics,Accessories,7,415.45,0.13,8.95,18-25,Debit Card,2530.09,758.75,0,1
ORD00533,2023-02-16,South,Food & Beverage,Beverages,2,9.36,0.01,3.07,56+,Debit Card,18.53,2.5,0,0
ORD00534,2023-09-29,East,Food & Beverage,Canned Goods,9,23.95,0.23,1.85,46-55,Debit Card,165.97,34.29,0,0
ORD00535,2024-05-31,West,Furniture,Tables,9,508.33,0.05,0.37,46-55,PayPal,4346.22,705.22,0,1
ORD00536,2022-02-21,North,Food & Beverage,Beverages,1,38.9,0.27,2.84,46-55,Gift Card,28.4,7.97,0,0
ORD00537,2023-09-24,West,Clothing,Shirts,3,115.11,0.04,11.59,26-35,Debit Card,331.52,36.21,0,0
ORD00538,2023-08-09,East,Electronics,Phones,7,745.52,0.11,4.77,56+,Debit Card,4644.59,1102.42,0,1
ORD00539,2022-04-01,East,Office Supplies,Binders,1,50.71,0.1,0.45,46-55,Credit Card,45.64,13.25,0,0
ORD00540,2024-08-22,East,Clothing,Shoes,1,101.47,0.06,4.43,56+,PayPal,95.38,19.54,0,0
ORD00541,2023-06-08,West,Food & Beverage,Snacks,6,14.6,0.08,14.45,36-45,Cash,80.59,4.24,0,0
ORD00542,2024-01-01,West,Food & Beverage,Beverages,7,22.35,0.24,4.17,36-45,Gift Card,118.9,10.17,0,0
ORD00543,2024-05-28,North,Furniture,Sofas,2,595.27,0.16,14.77,18-25,Debit Card,1000.05,284.76,0,1
ORD00544,2022-07-25,East,Electronics,Laptops,9,229.99,0.21,4.09,36-45,Debit Card,1635.23,221.34,0,1
ORD00545,2024-08-02,West,Clothing,Pants,3,44.53,0.14,9.93,56+,PayPal,114.89,27.32,0,0
ORD00546,2023-08-21,West,Furniture,Cabinets,3,197.73,0.03,14.12,56+,Debit Card,575.39,141.58,0,1
ORD00547,2024-06-13,South,Clothing,Shoes,2,129.86,0.11,11.36,26-35,Debit Card,231.15,28.61,0,0
ORD00548,2022-04-21,East,Clothing,Shirts,6,36.69,0.06,5.13,36-45,Credit Card,206.93,32.59,0,0
ORD00549,2022-05-04,West,Furniture,Tables,1,96.65,0.2,14.25,46-55,Gift Card,77.32,6.52,0,0
ORD00550,2023-10-16,West,Clothing,Accessories,8,26.32,0.16,13.54,46-55,PayPal,176.87,24.05,0,0
ORD00551,2023-11-13,West,Furniture,Chairs,2,90.34,0.26,7.85,56+,Credit Card,133.7,30.07,0,0
ORD00552,2023-08-03,South,Office Supplies,Paper,4,7.11,0.25,12.01,36-45,Debit Card,21.33,1.62,0,0
ORD00553,2023-04-25,East,Furniture,Cabinets,8,82.54,0.18,3.39,56+,PayPal,541.46,148.32,0,1
ORD00554,2023-12-25,North,Food & Beverage,Snacks,3,33.28,0.16,1.55,36-45,Gift Card,83.87,7.81,0,0
ORD00555,2022-11-03,East,Food & Beverage,Snacks,6,21.75,0.24,0.48,46-55,Gift Card,99.18,24.35,0,0
ORD00556,2022-05-30,South,Clothing,Shirts,4,13.82,0.16,3.27,26-35,Cash,46.44,13.81,0,0
ORD00557,2022-05-23,North,Clothing,Shoes,6,135.68,0.22,1.15,36-45,Credit Card,634.98,173.97,0,1
ORD00558,2022-06-13,West,Electronics,Laptops,1,296.13,0.06,1.27,26-35,Gift Card,278.36,46.4,0,0
ORD00559,2024-05-19,East,Food & Beverage,Canned Goods,8,40.61,0.25,5.77,26-35,Gift Card,243.66,40.15,0,0
ORD00560,2024-08-22,South,Furniture,Tables,6,417.14,0.02,6.31,18-25,Gift Card,2452.78,491.59,1,1
ORD00561,2022-11-19,East,Food & Beverage,Prepared Meals,6,8.9,0.2,14.57,56+,Gift Card,42.72,8.14,0,0
ORD00562,2022-03-12,South,Office Supplies,Art Supplies,7,104.9,0.23,0.66,36-45,Gift Card,565.41,126.28,0,1
ORD00563,2022-08-28,East,Food & Beverage,Snacks,3,20.76,0.25,12.22,26-35,PayPal,46.71,9.48,0,0
ORD00564,2022-09-22,North,Office Supplies,Binders,1,91.6,0.23,7.97,26-35,Debit Card,70.53,13.01,0,0
ORD00565,2022-08-13,South,Office Supplies,Binders,4,113.48,0.01,13.61,46-55,PayPal,449.38,40.03,0,0
ORD00566,2023-06-20,South,Food & Beverage,Prepared Meals,2,28.29,0.07,7.54,46-55,PayPal,52.62,12.25,1,0
ORD00567,2022-08-16,West,Electronics,Phones,8,87.66,0.14,5.69,46-55,Gift Card,603.1,77.89,0,1
ORD00568,2022-04-05,East,Office Supplies,Storage,6,108.6,0.2,6.43,46-55,Cash,521.28,121.39,0,1
ORD00569,2022-06-01,North,Electronics,Tablets,5,56.04,0.28,3.56,36-45,Credit Card,201.74,15.51,0,0
ORD00570,2023-06-02,West,Furniture,Cabinets,2,172.22,0.16,4.12,26-35,PayPal,289.33,79.68,0,1
ORD00571,2024-07-03,East,Office Supplies,Art Supplies,3,166.56,0.21,10.45,36-45,Gift Card,394.75,51.75,0,0
ORD00572,2022-08-07,South,Food & Beverage,Canned Goods,6,41.2,0.13,1.99,36-45,Credit Card,215.06,31.31,0,0
ORD00573,2023-04-15,North,Electronics,Tablets,3,798.22,0.06,6.89,18-25,Credit Card,2250.98,355.08,0,1
ORD00574,2022-07-24,South,Clothing,Accessories,3,134.2,0.13,7.45,18-25,PayPal,350.26,97.81,0,1
ORD00575,2022-05-15,South,Furniture,Sofas,8,268.34,0.23,13.47,26-35,Cash,1652.97,117.41,0,1
ORD00576,2022-04-14,North,Office Supplies,Art Supplies,9,15.22,0.05,5.03,18-25,Cash,130.13,9.01,0,0
ORD00577,2024-05-08,South,Electronics,Tablets,6,781.02,0.04,3.47,36-45,Debit Card,4498.68,1201.61,1,1
ORD00578,2023-03-10,West,Electronics,Phones,6,210.27,0.13,0.15,18-25,Debit Card,1097.61,290.31,0,1
ORD00579,2024-09-05,West,Electronics,Laptops,9,640.53,0.09,0.6,56+,Debit Card,5245.94,1033.91,0,1
ORD00580,2024-10-03,West,Electronics,Phones,2,96.41,0.16,8.49,36-45,Credit Card,161.97,38.53,0,0
ORD00581,2023-06-15,West,Furniture,Cabinets,8,83.12,0.12,2.45,18-25,Debit Card,585.16,61.7,0,1
ORD00582,2022-09-26,West,Electronics,Phones,8,747.8,0.03,6.75,18-25,Cash,5802.93,779.7,0,1
ORD00583,2022-03-28,East,Office Supplies,Binders,7,15.0,0.15,6.63,46-55,Debit Card,89.25,11.92,0,0
ORD00584,2023-07-02,South,Electronics,Phones,3,212.19,0.06,4.45,56+,Debit Card,598.38,166.17,0,1
ORD00585,2024-01-29,West,Office Supplies,Binders,4,84.5,0.04,2.57,26-35,PayPal,324.48,83.34,0,1
ORD00586,2022-12-16,West,Furniture,Chairs,2,140.26,0.19,3.9,18-25,Debit Card,227.22,61.7,0,1
ORD00587,2022-11-04,North,Food & Beverage,Canned Goods,7,6.45,0.19,13.13,36-45,PayPal,36.57,9.06,0,0
ORD00588,2023-07-19,East,Furniture,Tables,2,256.29,0.05,11.07,36-45,Credit Card,486.95,68.23,0,1
ORD00589,2022-10-07,South,Food & Beverage,Prepared Meals,2,2.47,0.13,7.57,18-25,Cash,4.3,0.34,0,0
ORD00590,2022-12-30,South,Food & Beverage,Beverages,3,29.31,0.26,4.34,46-55,Cash,65.07,10.86,0,0
ORD00591,2023-03-02,North,Furniture,Cabinets,2,382.7,0.2,7.51,46-55,Credit Card,612.32,129.33,0,1
ORD00592,2023-03-21,South,Clothing,Shirts,8,125.26,0.17,11.69,56+,Credit Card,831.73,44.95,0,0
ORD00593,2022-02-11,East,Office Supplies,Binders,1,100.99,0.06,9.78,46-55,Gift Card,94.93,23.28,0,0
ORD00594,2023-09-15,West,Office Supplies,Binders,4,25.05,0.04,14.69,46-55,Credit Card,96.19,21.01,0,0
ORD00595,2022-12-02,North,Food & Beverage,Snacks,1,47.25,0.23,0.08,18-25,Cash,36.38,1.83,0,0
ORD00596,2022-05-29,South,Electronics,Phones,8,292.86,0.2,9.78,46-55,Gift Card,1874.3,211.37,0,1
ORD00597,2022-08-08,East,Food & Beverage,Canned Goods,9,42.62,0.01,11.01,46-55,PayPal,379.74,51.39,0,0
ORD00598,2024-08-18,North,Food & Beverage,Beverages,8,7.19,0.01,9.34,36-45,Credit Card,56.94,14.33,0,0
ORD00599,2023-05-15,East,Electronics,Laptops,2,369.8,0.16,2.62,26-35,Gift Card,621.26,77.03,0,1
ORD00600,2024-09-25,East,Clothing,Shirts,5,90.76,0.17,7.5,36-45,PayPal,376.65,25.37,0,0
ORD00601,2023-09-14,South,Electronics,Laptops,2,737.95,0.12,2.15,18-25,PayPal,1298.79,297.01,0,1
ORD00602,2023-06-28,North,Clothing,Shirts,4,94.77,0.09,12.56,36-45,Debit Card,344.96,70.24,0,1
ORD00603,2022-09-20,North,Electronics,Laptops,5,546.38,0.19,8.9,18-25,Debit Card,2212.84,119.63,0,1
ORD00604,2022-12-01,West,Office Supplies,Art Supplies,7,113.53,0.1,2.02,26-35,Cash,715.24,52.64,0,0
ORD00605,2024-08-07,South,Office Supplies,Paper,2,67.06,0.27,9.67,18-25,Cash,97.91,11.95,0,0
ORD00606,2024-07-10,West,Office Supplies,Paper,5,143.87,0.11,3.82,36-45,Gift Card,640.22,34.08,0,0
ORD00607,2024-05-30,North,Clothing,Accessories,4,89.2,0.15,1.28,56+,Cash,303.28,56.78,0,1
ORD00608,2023-09-20,North,Clothing,Pants,9,64.59,0.14,2.07,36-45,Debit Card,499.93,35.12,0,0
ORD00609,2024-10-07,East,Electronics,Phones,6,705.21,0.3,8.74,26-35,Gift Card,2961.88,749.71,0,1
ORD00610,2022-11-13,North,Electronics,Phones,1,416.78,0.26,8.88,26-35,Credit Card,308.42,68.98,0,1
ORD00611,2024-02-03,West,Office Supplies,Storage,5,117.81,0.21,10.51,26-35,Debit Card,465.35,110.92,0,1
ORD00612,2023-06-01,North,Food & Beverage,Canned Goods,6,5.53,0.23,10.11,26-35,Cash,25.55,6.18,0,0
ORD00613,2023-05-24,South,Clothing,Shoes,6,42.56,0.07,8.27,36-45,Credit Card,237.48,42.96,0,0
ORD00614,2022-11-05,East,Electronics,Phones,9,114.52,0.02,1.58,26-35,Debit Card,1010.07,198.37,0,1
ORD00615,2022-08-30,North,Clothing,Shirts,6,83.25,0.08,5.99,46-55,Cash,459.54,91.75,0,1
ORD00616,2022-06-09,East,Office Supplies,Paper,3,162.94,0.17,10.95,56+,PayPal,405.72,57.29,0,1
ORD00617,2023-04-28,North,Office Supplies,Binders,9,141.58,0.23,5.06,36-45,Gift Card,981.15,280.01,0,1
ORD00618,2024-01-28,East,Food & Beverage,Beverages,9,48.78,0.25,4.55,46-55,Cash,329.26,96.03,0,1
ORD00619,2024-08-20,West,Furniture,Tables,7,288.88,0.12,14.02,26-35,Credit Card,1779.5,200.58,0,1
ORD00620,2023-08-28,West,Electronics,Laptops,9,333.38,0.02,5.09,56+,Cash,2940.41,518.93,0,1
ORD00621,2023-11-12,North,Office Supplies,Paper,1,25.74,0.03,14.12,46-55,Cash,24.97,6.7,0,0
ORD00622,2024-10-16,North,Furniture,Tables,6,250.75,0.2,6.63,46-55,PayPal,1203.6,255.23,0,1
ORD00623,2024-04-21,North,Furniture,Sofas,7,399.8,0.29,2.27,18-25,Credit Card,1987.01,336.51,0,1
ORD00624,2023-08-25,South,Food & Beverage,Canned Goods,6,43.54,0.09,2.44,36-45,PayPal,237.73,52.04,0,0
ORD00625,2023-10-04,North,Food & Beverage,Snacks,6,3.87,0.17,8.93,56+,Debit Card,19.27,5.16,0,0
ORD00626,2022-12-24,West,Electronics,Phones,3,271.6,0.16,10.18,46-55,Debit Card,684.43,135.65,0,1
ORD00627,2022-06-27,South,Office Supplies,Art Supplies,3,34.53,0.13,8.94,36-45,PayPal,90.12,6.32,1,0
ORD00628,2024-02-20,East,Office Supplies,Storage,7,102.99,0.06,4.73,36-45,Debit Card,677.67,167.96,1,1
ORD00629,2023-01-08,North,Furniture,Tables,5,141.26,0.2,4.85,56+,Credit Card,565.04,167.78,0,1
ORD00630,2023-02-12,South,Electronics,Laptops,8,651.26,0.14,6.34,46-55,PayPal,4480.67,1339.31,0,1
ORD00631,2024-07-14,East,Clothing,Shirts,5,120.03,0.19,5.13,56+,Cash,486.12,130.51,0,1
ORD00632,2022-08-23,South,Clothing,Shoes,5,71.58,0.19,5.71,46-55,Cash,289.9,18.45,0,0
ORD00633,2024-07-22,North,Electronics,Laptops,6,212.25,0.13,0.73,36-45,Gift Card,1107.94,282.66,0,1
ORD00634,2023-08-31,North,Furniture,Sofas,1,317.02,0.02,3.27,26-35,Credit Card,310.68,88.18,0,1
ORD00635,2023-04-06,South,Office Supplies,Storage,5,85.76,0.29,8.12,56+,Credit Card,304.45,61.28,0,1
ORD00636,2023-10-09,East,Office Supplies,Binders,9,9.1,0.25,12.37,18-25,PayPal,61.42,15.17,0,0
ORD00637,2024-05-15,West,Food & Beverage,Beverages,7,19.32,0.19,0.19,18-25,PayPal,109.54,9.39,0,0
ORD00638,2022-09-10,North,Furniture,Chairs,3,59.16,0.12,7.68,18-25,Credit Card,156.18,26.68,0,0
ORD00639,2024-05-17,South,Furniture,Tables,4,300.43,0.0,0.39,46-55,Cash,1201.72,226.31,0,1
ORD00640,2024-10-25,North,Food & Beverage,Prepared Meals,9,28.34,0.29,0.73,18-25,Credit Card,181.09,13.49,0,0
ORD00641,2022-07-11,North,Furniture,Cabinets,8,329.19,0.14,4.96,26-35,Credit Card,2264.83,446.86,0,1
ORD00642,2023-04-12,East,Electronics,Phones,2,177.42,0.04,1.85,46-55,Credit Card,340.65,61.19,0,1
ORD00643,2023-01-06,South,Food & Beverage,Canned Goods,6,34.53,0.28,2.14,46-55,PayPal,149.17,21.71,0,0
ORD00644,2022-03-21,North,Clothing,Accessories,9,17.76,0.1,11.49,26-35,Cash,143.86,22.07,0,0
ORD00645,2023-08-23,South,Furniture,Sofas,4,130.94,0.03,14.35,36-45,PayPal,508.05,101.53,0,1
ORD00646,2022-11-23,South,Electronics,Laptops,5,122.72,0.05,11.96,36-45,PayPal,582.92,127.88,0,1
ORD00647,2023-05-07,West,Food & Beverage,Canned Goods,2,31.76,0.19,12.66,18-25,Credit Card,51.45,6.75,0,0
ORD00648,2024-09-21,East,Clothing,Pants,8,65.91,0.12,14.67,46-55,Debit Card,464.01,44.18,0,0
ORD00649,2022-12-12,South,Food & Beverage,Snacks,7,14.36,0.22,5.58,46-55,Cash,78.41,14.15,0,0
ORD00650,2022-07-07,West,Food & Beverage,Canned Goods,5,34.91,0.04,6.24,36-45,Gift Card,167.57,31.36,0,0
ORD00651,2023-06-22,East,Clothing,Shoes,6,18.28,0.19,11.53,26-35,Credit Card,88.84,26.52,0,0
ORD00652,2024-01-25,East,Food & Beverage,Beverages,6,44.1,0.27,14.87,18-25,Cash,193.16,19.72,0,0
ORD00653,2023-11-23,North,Clothing,Shoes,7,92.46,0.28,5.25,56+,Debit Card,466.0,51.7,0,0
ORD00654,2022-07-25,South,Electronics,Laptops,2,101.87,0.25,3.82,26-35,Cash,152.81,25.71,0,0
ORD00655,2023-12-25,North,Furniture,Cabinets,9,454.5,0.12,2.94,36-45,Debit Card,3599.64,641.79,0,1
ORD00656,2023-04-01,South,Furniture,Sofas,4,178.96,0.13,8.99,36-45,Gift Card,622.78,111.12,0,1
ORD00657,2022-01-07,North,Office Supplies,Binders,6,182.06,0.07,1.37,56+,Debit Card,1015.89,131.73,0,1
ORD00658,2022-05-13,West,Food & Beverage,Prepared Meals,5,24.11,0.03,9.39,26-35,PayPal,116.93,21.94,0,0
ORD00659,2023-06-24,North,Electronics,Phones,1,197.22,0.01,12.92,26-35,Gift Card,195.25,37.93,0,0
ORD00660,2023-09-10,South,Electronics,Tablets,3,656.3,0.18,4.44,18-25,Cash,1614.5,183.95,0,1
ORD00661,2022-06-20,South,Furniture,Sofas,8,170.71,0.09,8.33,26-35,Cash,1242.77,244.82,0,1
ORD00662,2023-09-29,North,Electronics,Laptops,7,592.3,0.23,10.72,56+,Debit Card,3192.5,621.72,0,1
ORD00663,2023-01-08,North,Food & Beverage,Prepared Meals,4,32.82,0.2,11.98,18-25,Cash,105.02,29.74,0,0
ORD00664,2022-06-09,West,Food & Beverage,Snacks,4,35.64,0.2,12.12,36-45,Cash,114.05,30.96,0,0
ORD00665,2022-01-20,East,Furniture,Tables,9,531.46,0.01,3.47,46-55,PayPal,4735.31,1299.12,0,1
ORD00666,2022-08-17,East,Furniture,Sofas,4,315.03,0.2,3.59,26-35,Gift Card,1008.1,241.45,0,1
ORD00667,2022-11-20,South,Clothing,Shoes,8,140.44,0.19,12.06,36-45,Debit Card,910.05,64.55,0,1
ORD00668,2023-01-22,South,Electronics,Tablets,5,624.39,0.21,14.48,56+,Credit Card,2466.34,365.98,0,1
ORD00669,2023-11-26,South,Food & Beverage,Prepared Meals,7,31.97,0.22,5.5,56+,Debit Card,174.56,15.15,0,0
ORD00670,2022-11-20,North,Clothing,Pants,5,42.51,0.12,4.04,36-45,Credit Card,187.04,18.64,0,0
ORD00671,2024-07-29,South,Office Supplies,Art Supplies,4,160.04,0.1,11.48,26-35,Credit Card,576.14,49.43,0,0
ORD00672,2023-10-26,East,Clothing,Shirts,3,120.32,0.27,4.01,36-45,Debit Card,263.5,66.69,0,1
ORD00673,2023-09-13,South,Electronics,Accessories,3,706.62,0.09,12.88,36-45,Credit Card,1929.07,509.87,0,1
ORD00674,2022-06-01,North,Electronics,Tablets,8,123.13,0.26,4.92,46-55,PayPal,728.93,46.25,0,0
ORD00675,2022-08-28,South,Clothing,Accessories,3,52.85,0.02,2.66,46-55,Cash,155.38,7.97,0,0
ORD00676,2022-03-29,West,Electronics,Tablets,6,546.74,0.23,12.18,56+,Debit Card,2525.94,723.52,0,1
ORD00677,2024-06-06,South,Clothing,Shirts,9,148.12,0.18,1.23,18-25,Cash,1093.13,231.42,0,1
ORD00678,2023-10-23,North,Office Supplies,Art Supplies,8,172.64,0.29,3.27,18-25,Credit Card,980.6,70.64,0,1
ORD00679,2024-04-28,East,Furniture,Cabinets,5,392.55,0.12,8.67,26-35,Credit Card,1727.22,219.3,0,1
ORD00680,2024-03-31,North,Office Supplies,Storage,3,143.33,0.03,12.58,18-25,PayPal,417.09,90.82,0,1
ORD00681,2023-01-11,South,Food & Beverage,Canned Goods,1,15.91,0.04,9.18,26-35,Credit Card,15.27,1.93,0,0
ORD00682,2022-03-15,North,Office Supplies,Binders,2,128.12,0.08,3.73,26-35,PayPal,235.74,67.31,0,1
ORD00683,2024-03-12,East,Office Supplies,Art Supplies,4,111.13,0.29,5.54,26-35,Credit Card,315.61,43.96,0,0
ORD00684,2023-06-23,North,Clothing,Accessories,6,74.76,0.01,1.83,26-35,Credit Card,444.07,68.37,0,1
ORD00685,2023-02-15,East,Electronics,Tablets,2,105.02,0.2,8.93,18-25,Cash,168.03,25.84,0,0
ORD00686,2024-03-22,West,Furniture,Chairs,3,540.18,0.26,10.1,18-25,Debit Card,1199.2,101.14,0,1
ORD00687,2022-02-17,South,Office Supplies,Paper,4,105.01,0.1,8.94,46-55,Credit Card,378.04,113.01,0,1
ORD00688,2024-08-09,East,Clothing,Accessories,3,17.66,0.06,6.28,46-55,Cash,49.8,5.22,0,0
ORD00689,2024-08-04,North,Food & Beverage,Canned Goods,6,37.37,0.05,1.81,26-35,Cash,213.01,14.25,0,0
ORD00690,2024-08-18,West,Office Supplies,Binders,1,142.58,0.09,3.63,46-55,Credit Card,129.75,8.86,0,0
ORD00691,2024-01-06,East,Clothing,Accessories,9,114.91,0.28,1.62,36-45,Debit Card,744.62,80.54,0,1
ORD00692,2022-10-11,East,Food & Beverage,Snacks,1,20.2,0.24,5.12,26-35,Credit Card,15.35,2.47,0,0
ORD00693,2023-06-11,North,Office Supplies,Storage,2,173.88,0.0,11.67,56+,Debit Card,347.76,57.44,1,1
ORD00694,2023-05-15,North,Clothing,Accessories,7,115.64,0.07,8.08,56+,PayPal,752.82,224.36,0,1
ORD00695,2022-04-11,South,Clothing,Shoes,5,84.85,0.26,4.89,18-25,PayPal,313.94,90.58,0,1
ORD00696,2022-01-19,North,Food & Beverage,Beverages,4,41.55,0.0,4.62,18-25,PayPal,166.2,18.33,0,0
ORD00697,2022-03-12,South,Furniture,Tables,3,274.05,0.02,3.36,26-35,Debit Card,805.71,113.46,0,1
ORD00698,2024-10-07,North,Clothing,Shirts,3,56.22,0.03,14.3,46-55,Debit Card,163.6,10.64,0,0
ORD00699,2022-11-05,South,Food & Beverage,Prepared Meals,7,9.05,0.23,1.84,36-45,Credit Card,48.78,10.18,0,0
ORD00700,2022-03-14,North,Clothing,Accessories,3,116.52,0.01,12.97,56+,Cash,346.06,27.57,0,0
ORD00701,2023-05-08,East,Food & Beverage,Canned Goods,5,43.12,0.05,12.81,18-25,Gift Card,204.82,10.92,0,0
ORD00702,2024-03-06,West,Electronics,Tablets,1,664.72,0.27,2.99,26-35,Debit Card,485.25,58.74,0,1
ORD00703,2023-01-25,North,Electronics,Phones,4,615.9,0.13,8.88,36-45,Gift Card,2143.33,482.75,0,1
ORD00704,2023-04-08,East,Clothing,Shoes,6,101.66,0.12,9.95,46-55,PayPal,536.76,42.7,0,0
ORD00705,2024-03-31,West,Electronics,Laptops,6,360.14,0.01,4.11,36-45,PayPal,2139.23,618.05,1,1
ORD00706,2022-12-31,South,Food & Beverage,Canned Goods,4,9.78,0.12,14.22,18-25,PayPal,34.43,2.94,0,0
ORD00707,2022-04-23,East,Furniture,Chairs,7,383.54,0.14,7.17,46-55,Cash,2308.91,558.74,0,1
ORD00708,2023-10-17,East,Electronics,Accessories,1,753.55,0.28,13.31,36-45,Cash,542.56,111.96,0,1
ORD00709,2022-03-13,East,Clothing,Shirts,1,88.66,0.2,13.89,26-35,Debit Card,70.93,14.53,0,0
ORD00710,2023-12-14,East,Clothing,Shoes,5,63.5,0.04,2.95,36-45,PayPal,304.8,33.34,0,0
ORD00711,2023-10-27,North,Furniture,Cabinets,8,364.31,0.16,11.39,26-35,PayPal,2448.16,558.59,0,1
ORD00712,2023-05-03,West,Food & Beverage,Prepared Meals,2,19.53,0.16,6.2,18-25,Gift Card,32.81,3.28,0,0
ORD00713,2022-03-16,South,Electronics,Accessories,1,690.24,0.22,5.41,56+,PayPal,538.39,38.64,0,0
ORD00714,2023-07-19,South,Food & Beverage,Snacks,8,27.65,0.07,12.73,26-35,Debit Card,205.72,30.72,0,0
ORD00715,2024-04-19,South,Electronics,Laptops,4,744.54,0.05,14.49,18-25,PayPal,2829.25,287.02,0,1
ORD00716,2023-07-20,North,Office Supplies,Binders,7,60.06,0.02,13.15,36-45,Cash,412.01,95.68,0,1
ORD00717,2023-09-12,West,Food & Beverage,Canned Goods,1,19.23,0.23,5.08,18-25,Credit Card,14.81,4.26,0,0
ORD00718,2023-09-10,South,Office Supplies,Storage,9,66.24,0.15,3.25,56+,PayPal,506.74,135.88,0,1
ORD00719,2023-05-19,South,Clothing,Shoes,1,72.28,0.15,5.27,36-45,Debit Card,61.44,17.04,0,0
ORD00720,2024-02-28,East,Electronics,Accessories,1,284.14,0.22,11.94,18-25,PayPal,221.63,57.23,1,1
ORD00721,2024-03-29,North,Furniture,Tables,6,385.23,0.22,12.08,26-35,Debit Card,1802.88,471.02,0,1
ORD00722,2022-02-23,South,Office Supplies,Storage,6,136.38,0.14,11.23,56+,Credit Card,703.72,97.99,0,1
ORD00723,2022-07-12,North,Clothing,Pants,9,40.68,0.03,8.95,26-35,Gift Card,355.14,60.79,0,1
ORD00724,2023-01-29,North,Furniture,Sofas,3,581.34,0.21,14.36,56+,Cash,1377.78,216.0,0,1
ORD00725,2024-07-17,East,Clothing,Accessories,1,109.02,0.08,6.7,36-45,PayPal,100.3,8.11,0,0
ORD00726,2022-01-01,East,Furniture,Cabinets,2,42.59,0.11,5.0,36-45,Gift Card,75.81,11.14,0,0
ORD00727,2024-02-03,West,Food & Beverage,Snacks,4,36.68,0.18,10.97,18-25,Gift Card,120.31,29.17,1,0
ORD00728,2023-08-17,East,Food & Beverage,Prepared Meals,2,46.9,0.15,7.46,36-45,Credit Card,79.73,7.54,0,0
ORD00729,2024-05-20,West,Electronics,Accessories,6,497.98,0.12,7.1,36-45,Cash,2629.33,693.19,0,1
ORD00730,2024-06-18,East,Office Supplies,Art Supplies,5,156.48,0.25,2.73,26-35,Debit Card,586.8,92.47,0,1
ORD00731,2024-01-01,South,Electronics,Tablets,5,139.33,0.04,4.3,36-45,Debit Card,668.78,120.06,0,1
ORD00732,2024-05-14,North,Clothing,Shoes,6,130.11,0.2,6.53,36-45,PayPal,624.53,180.04,0,1
ORD00733,2024-08-19,West,Clothing,Shirts,7,46.25,0.02,10.89,56+,Gift Card,317.27,25.49,0,0
ORD00734,2023-07-05,South,Office Supplies,Binders,7,122.11,0.05,5.7,56+,PayPal,812.03,165.9,1,1
ORD00735,2024-01-23,East,Food & Beverage,Prepared Meals,2,6.95,0.22,2.76,26-35,Gift Card,10.84,1.43,0,0
ORD00736,2022-01-26,South,Office Supplies,Paper,9,84.54,0.08,2.05,46-55,Debit Card,699.99,162.4,0,1
ORD00737,2022-09-24,East,Food & Beverage,Beverages,4,5.16,0.13,9.87,36-45,Credit Card,17.96,2.86,0,0
ORD00738,2023-08-01,South,Office Supplies,Binders,2,18.6,0.27,5.82,36-45,PayPal,27.16,3.31,0,0
ORD00739,2024-05-14,East,Office Supplies,Art Supplies,6,70.58,0.28,0.18,56+,Cash,304.91,57.38,0,1
ORD00740,2023-05-17,West,Electronics,Tablets,8,779.35,0.16,9.21,18-25,Gift Card,5237.23,571.66,0,1
ORD00741,2023-03-20,North,Clothing,Pants,8,115.02,0.14,12.69,56+,Credit Card,791.34,62.17,0,1
ORD00742,2024-05-06,West,Food & Beverage,Prepared Meals,9,6.84,0.01,0.79,46-55,Credit Card,60.94,15.76,0,0
ORD00743,2022-02-16,South,Furniture,Tables,8,567.95,0.08,1.51,36-45,PayPal,4180.11,619.97,0,1
ORD00744,2024-06-09,West,Furniture,Sofas,6,402.66,0.11,9.26,26-35,Credit Card,2150.2,583.14,0,1
ORD00745,2023-02-22,West,Office Supplies,Binders,1,193.42,0.29,12.98,36-45,Credit Card,137.33,27.49,0,0
ORD00746,2022-10-22,North,Clothing,Shoes,3,105.92,0.09,3.02,26-35,Debit Card,289.16,33.63,0,0
ORD00747,2022-04-09,South,Clothing,Shirts,2,17.87,0.15,13.69,26-35,Gift Card,30.38,6.15,0,0
ORD00748,2022-09-16,West,Clothing,Accessories,3,129.29,0.17,7.72,46-55,PayPal,321.93,24.11,0,0
ORD00749,2024-09-23,West,Electronics,Phones,5,502.41,0.02,10.25,56+,Debit Card,2461.81,697.04,0,1
ORD00750,2022-05-11,East,Electronics,Accessories,8,609.63,0.24,2.41,56+,Debit Card,3706.55,683.25,0,1
ORD00751,2024-01-14,North,Electronics,Laptops,9,148.47,0.09,3.03,26-35,Cash,1215.97,337.07,0,1
ORD00752,2023-12-01,East,Furniture,Chairs,4,461.18,0.14,3.39,46-55,Gift Card,1586.46,323.88,0,1
ORD00753,2022-12-04,East,Furniture,Chairs,1,591.25,0.06,1.96,18-25,Cash,555.77,56.07,0,1
ORD00754,2023-03-16,East,Clothing,Shoes,5,54.51,0.0,5.73,46-55,Debit Card,272.55,34.19,0,0
ORD00755,2023-06-07,East,Clothing,Shoes,5,137.85,0.12,12.44,26-35,Debit Card,606.54,50.6,1,0
ORD00756,2024-02-16,West,Electronics,Laptops,6,256.68,0.1,10.51,26-35,Debit Card,1386.07,334.5,1,1
ORD00757,2022-07-31,South,Electronics,Laptops,9,226.69,0.09,5.99,18-25,Cash,1856.59,205.27,0,1
ORD00758,2024-09-14,North,Clothing,Shoes,2,16.58,0.1,6.08,56+,Gift Card,29.84,3.28,0,0
ORD00759,2023-10-25,North,Food & Beverage,Snacks,5,9.85,0.28,3.28,18-25,Credit Card,35.46,4.66,0,0
ORD00760,2023-02-12,North,Electronics,Tablets,9,150.01,0.07,4.38,46-55,PayPal,1255.58,352.92,0,1
ORD00761,2022-10-27,North,Food & Beverage,Prepared Meals,1,9.23,0.11,6.0,46-55,Debit Card,8.21,0.53,0,0
ORD00762,2024-07-03,South,Electronics,Accessories,7,62.5,0.1,11.93,46-55,Credit Card,393.75,27.31,0,0
ORD00763,2023-08-29,East,Food & Beverage,Beverages,7,1.36,0.21,9.92,46-55,Credit Card,7.52,0.45,0,0
ORD00764,2024-10-09,North,Office Supplies,Paper,3,105.33,0.26,7.0,18-25,PayPal,233.83,32.72,0,0
ORD00765,2024-01-12,South,Food & Beverage,Beverages,4,47.0,0.09,7.13,36-45,Gift Card,171.08,40.93,0,0
ORD00766,2024-06-12,South,Office Supplies,Storage,2,98.71,0.02,8.25,36-45,Debit Card,193.47,29.85,0,0
ORD00767,2022-07-30,North,Food & Beverage,Canned Goods,7,8.76,0.02,12.34,26-35,PayPal,60.09,7.68,0,0
ORD00768,2023-06-04,East,Furniture,Chairs,5,518.98,0.09,2.89,18-25,Credit Card,2361.36,194.26,0,1
ORD00769,2024-03-17,North,Food & Beverage,Canned Goods,7,1.47,0.02,5.64,26-35,Credit Card,10.08,2.57,0,0
ORD00770,2023-04-18,North,Electronics,Accessories,9,184.37,0.27,6.91,26-35,PayPal,1211.31,275.47,1,1
ORD00771,2022-02-21,East,Office Supplies,Storage,8,29.31,0.29,9.54,18-25,Credit Card,166.48,40.2,0,0
ORD00772,2022-02-18,South,Electronics,Accessories,9,191.6,0.12,14.04,36-45,Cash,1517.47,249.27,0,1
ORD00773,2023-08-05,West,Electronics,Phones,8,719.98,0.13,8.03,18-25,Credit Card,5011.06,848.1,0,1
ORD00774,2024-07-06,South,Furniture,Sofas,1,477.56,0.15,14.18,36-45,PayPal,405.93,26.1,1,0
ORD00775,2022-02-22,East,Electronics,Accessories,6,259.02,0.29,2.14,36-45,Debit Card,1103.43,215.12,0,1
ORD00776,2022-10-16,North,Clothing,Accessories,1,149.83,0.02,8.68,46-55,Cash,146.83,10.37,0,0
ORD00777,2023-03-31,West,Clothing,Accessories,6,18.95,0.02,1.73,26-35,Credit Card,111.43,29.8,0,0
ORD00778,2024-01-08,South,Electronics,Laptops,6,301.16,0.17,13.64,18-25,PayPal,1499.78,77.31,0,1
ORD00779,2024-09-07,West,Food & Beverage,Canned Goods,7,28.94,0.18,14.14,26-35,Gift Card,166.12,41.04,0,0
ORD00780,2023-07-07,West,Office Supplies,Paper,4,151.0,0.06,13.01,26-35,PayPal,567.76,164.06,0,1
ORD00781,2024-07-01,West,Electronics,Tablets,8,176.87,0.29,12.8,46-55,Credit Card,1004.62,175.39,0,1
ORD00782,2022-08-23,North,Office Supplies,Art Supplies,3,25.23,0.09,1.36,18-25,Gift Card,68.88,14.95,0,0
ORD00783,2024-05-30,South,Office Supplies,Paper,3,7.66,0.27,0.43,46-55,Debit Card,16.78,1.84,0,0
ORD00784,2022-12-14,West,Office Supplies,Storage,3,117.42,0.1,12.15,26-35,Gift Card,317.03,34.74,0,0
ORD00785,2023-06-06,North,Electronics,Laptops,7,433.32,0.13,14.5,56+,PayPal,2638.92,508.78,0,1
ORD00786,2022-05-25,West,Furniture,Chairs,2,524.75,0.17,10.77,46-55,Cash,871.08,124.57,0,1
ORD00787,2023-04-19,South,Office Supplies,Art Supplies,9,174.08,0.07,14.5,18-25,Gift Card,1457.05,421.87,0,1
ORD00788,2022-12-26,South,Food & Beverage,Canned Goods,4,42.04,0.1,13.34,46-55,Debit Card,151.34,13.64,0,0
ORD00789,2022-10-03,North,Clothing,Accessories,4,42.24,0.03,12.33,56+,PayPal,163.89,13.89,0,0
ORD00790,2022-02-19,North,Clothing,Accessories,5,109.56,0.0,11.46,36-45,Credit Card,547.8,97.79,0,1
ORD00791,2023-06-25,West,Electronics,Phones,1,231.2,0.2,10.74,46-55,PayPal,184.96,37.33,0,0
ORD00792,2023-12-01,North,Food & Beverage,Snacks,6,25.11,0.3,4.17,18-25,Gift Card,105.46,15.7,0,0
ORD00793,2024-04-22,East,Food & Beverage,Beverages,5,23.56,0.07,2.01,46-55,Cash,109.55,31.59,0,0
ORD00794,2022-07-25,East,Electronics,Laptops,1,515.18,0.16,1.88,46-55,Cash,432.75,52.98,0,0
ORD00795,2022-08-09,West,Office Supplies,Storage,5,145.87,0.0,7.64,18-25,Credit Card,729.35,61.87,0,1
ORD00796,2024-06-20,South,Electronics,Accessories,3,650.1,0.07,1.02,36-45,Cash,1813.78,234.39,0,1
ORD00797,2023-06-08,East,Electronics,Phones,8,118.62,0.22,0.19,26-35,PayPal,740.19,156.27,0,1
ORD00798,2022-08-29,South,Clothing,Shirts,1,108.22,0.0,6.14,36-45,Gift Card,108.22,14.32,0,0
ORD00799,2024-03-03,South,Furniture,Chairs,7,521.46,0.24,14.76,46-55,Debit Card,2774.17,769.65,0,1
ORD00800,2022-02-24,West,Furniture,Sofas,9,407.52,0.18,13.73,18-25,PayPal,3007.5,267.94,0,1
ORD00801,2023-08-11,North,Food & Beverage,Snacks,3,24.25,0.1,8.69,46-55,PayPal,65.48,17.83,0,0
ORD00802,2023-10-16,South,Clothing,Shirts,2,72.25,0.01,6.74,56+,Credit Card,143.06,17.75,1,0
ORD00803,2022-05-09,West,Food & Beverage,Canned Goods,4,16.82,0.08,6.96,56+,Debit Card,61.9,5.16,1,0
ORD00804,2024-06-16,South,Furniture,Chairs,7,90.54,0.23,12.12,46-55,Gift Card,488.01,118.07,0,1
ORD00805,2023-10-28,East,Food & Beverage,Canned Goods,8,29.29,0.19,6.88,46-55,Gift Card,189.8,34.58,0,0
ORD00806,2023-10-23,South,Office Supplies,Storage,5,173.91,0.15,4.45,36-45,Cash,739.12,85.94,0,1
ORD00807,2024-10-30,West,Furniture,Tables,7,123.11,0.03,2.18,46-55,Gift Card,835.92,225.1,0,1
ORD00808,2023-04-29,East,Food & Beverage,Prepared Meals,5,32.83,0.26,12.42,56+,Debit Card,121.47,25.09,0,0
ORD00809,2022-04-27,South,Furniture,Sofas,7,107.33,0.08,5.78,36-45,Debit Card,691.21,197.51,0,1
ORD00810,2024-05-13,South,Food & Beverage,Prepared Meals,3,37.06,0.08,9.59,18-25,Cash,102.29,13.83,1,0
ORD00811,2022-09-30,West,Food & Beverage,Canned Goods,4,33.06,0.3,1.12,56+,Cash,92.57,9.79,0,0
ORD00812,2022-12-26,West,Electronics,Phones,2,98.96,0.25,9.69,18-25,PayPal,148.44,31.44,0,0
ORD00813,2023-11-04,South,Electronics,Phones,7,625.91,0.23,8.83,26-35,Cash,3373.65,348.05,0,1
ORD00814,2022-03-08,South,Office Supplies,Art Supplies,5,172.37,0.14,11.76,26-35,Credit Card,741.19,212.51,0,1
ORD00815,2023-02-16,East,Furniture,Chairs,5,67.65,0.29,5.4,36-45,PayPal,240.16,40.7,0,0
ORD00816,2023-12-07,North,Food & Beverage,Beverages,6,16.04,0.02,5.15,56+,PayPal,94.32,20.44,0,0
ORD00817,2022-01-13,South,Food & Beverage,Prepared Meals,3,43.62,0.27,6.74,18-25,PayPal,95.53,15.75,0,0
ORD00818,2023-11-25,West,Clothing,Shoes,6,80.15,0.17,2.06,56+,Credit Card,399.15,113.52,0,1
ORD00819,2023-04-07,North,Office Supplies,Binders,7,42.54,0.03,13.67,56+,PayPal,288.85,73.69,0,1
ORD00820,2022-02-20,South,Office Supplies,Binders,2,71.77,0.16,1.37,26-35,Cash,120.57,28.84,0,0
ORD00821,2022-07-12,West,Furniture,Chairs,4,137.98,0.12,14.22,26-35,Debit Card,485.69,72.44,0,1
ORD00822,2023-06-28,North,Clothing,Shirts,6,38.4,0.3,8.12,46-55,Cash,161.28,19.52,1,0
ORD00823,2024-09-26,East,Furniture,Tables,3,178.43,0.25,10.73,56+,Cash,401.47,89.02,0,1
ORD00824,2023-12-14,North,Office Supplies,Storage,9,29.59,0.04,10.14,26-35,Credit Card,255.66,67.66,1,1
ORD00825,2023-10-12,South,Office Supplies,Paper,4,71.94,0.1,9.03,56+,Cash,258.98,33.82,0,0
ORD00826,2022-03-15,West,Food & Beverage,Prepared Meals,2,41.89,0.02,11.21,18-25,Cash,82.1,21.57,0,0
ORD00827,2023-10-25,South,Furniture,Chairs,1,276.23,0.01,14.31,56+,Debit Card,273.47,28.02,0,0
ORD00828,2024-03-11,West,Food & Beverage,Canned Goods,8,12.53,0.15,13.72,18-25,Cash,85.2,8.77,0,0
ORD00829,2024-02-24,South,Furniture,Sofas,4,549.72,0.04,9.69,36-45,Cash,2110.92,228.44,0,1
ORD00830,2023-12-08,East,Furniture,Cabinets,1,460.25,0.09,6.72,56+,Credit Card,418.83,63.4,1,1
ORD00831,2022-10-30,North,Office Supplies,Storage,7,181.7,0.02,12.5,26-35,Gift Card,1246.46,204.98,0,1
ORD00832,2024-06-27,South,Electronics,Accessories,1,127.61,0.2,13.6,46-55,Credit Card,102.09,9.41,1,0
ORD00833,2023-04-14,West,Office Supplies,Art Supplies,4,42.09,0.16,7.04,18-25,Gift Card,141.42,9.58,0,0
ORD00834,2022-12-14,East,Food & Beverage,Canned Goods,7,6.13,0.13,11.93,46-55,Credit Card,37.33,3.19,0,0
ORD00835,2023-10-28,East,Furniture,Sofas,4,508.81,0.16,1.3,56+,Credit Card,1709.6,186.71,0,1
ORD00836,2022-05-09,North,Furniture,Chairs,2,336.25,0.2,10.24,18-25,Debit Card,538.0,111.46,0,1
ORD00837,2022-02-10,South,Clothing,Shirts,5,70.34,0.15,2.11,26-35,Gift Card,298.95,46.69,0,0
ORD00838,2022-07-09,West,Electronics,Laptops,1,789.2,0.21,3.65,18-25,PayPal,623.47,155.64,0,1
ORD00839,2024-03-18,East,Electronics,Phones,5,662.83,0.13,7.34,18-25,Credit Card,2883.31,301.12,0,1
ORD00840,2023-08-16,South,Office Supplies,Paper,1,190.8,0.07,9.36,56+,Debit Card,177.44,29.9,0,0
ORD00841,2022-10-08,East,Clothing,Accessories,2,110.95,0.08,10.79,46-55,PayPal,204.15,11.64,0,0
ORD00842,2023-10-11,West,Office Supplies,Paper,9,23.63,0.27,14.03,46-55,Credit Card,155.25,45.79,0,0
ORD00843,2022-06-29,North,Food & Beverage,Snacks,6,1.83,0.27,4.04,56+,Credit Card,8.02,2.04,1,0
ORD00844,2022-08-07,North,Office Supplies,Paper,4,85.67,0.2,3.55,36-45,Cash,274.14,19.46,0,0
ORD00845,2023-10-14,North,Office Supplies,Storage,5,195.6,0.29,2.46,46-55,PayPal,694.38,86.7,0,1
ORD00846,2022-10-08,North,Clothing,Pants,3,38.53,0.08,1.39,56+,Debit Card,106.34,15.94,0,0
ORD00847,2023-06-17,South,Clothing,Shoes,3,33.32,0.3,12.31,26-35,Cash,69.97,8.42,0,0
ORD00848,2022-02-28,East,Electronics,Laptops,2,232.78,0.09,7.25,18-25,Credit Card,423.66,27.88,0,0
ORD00849,2024-10-14,North,Food & Beverage,Canned Goods,9,37.89,0.15,1.92,56+,Gift Card,289.86,56.68,0,1
ORD00850,2022-02-05,North,Office Supplies,Binders,9,164.13,0.13,11.95,36-45,Debit Card,1285.14,255.55,0,1
ORD00851,2023-03-01,West,Food & Beverage,Beverages,2,13.19,0.27,2.32,26-35,Debit Card,19.26,3.98,0,0
ORD00852,2023-10-28,South,Food & Beverage,Prepared Meals,5,12.59,0.06,11.04,26-35,Credit Card,59.17,7.69,0,0
ORD00853,2022-06-18,South,Food & Beverage,Snacks,9,10.42,0.22,9.97,56+,PayPal,73.15,9.94,0,0
ORD00854,2023-12-15,North,Office Supplies,Paper,8,128.26,0.13,7.88,36-45,Credit Card,892.69,89.19,0,1
ORD00855,2024-02-11,South,Food & Beverage,Canned Goods,1,22.69,0.22,3.5,36-45,Cash,17.7,4.48,0,0
ORD00856,2022-08-06,South,Furniture,Chairs,5,280.9,0.02,8.67,36-45,Gift Card,1376.41,274.47,0,1
ORD00857,2022-01-31,North,Furniture,Sofas,7,60.16,0.21,0.84,46-55,PayPal,332.68,92.46,0,1
ORD00858,2023-06-09,East,Food & Beverage,Prepared Meals,1,7.4,0.09,13.03,56+,Debit Card,6.73,1.86,0,0
ORD00859,2023-09-07,East,Office Supplies,Storage,9,101.01,0.06,6.96,26-35,Credit Card,854.54,95.24,1,1
ORD00860,2022-12-13,East,Furniture,Tables,6,307.49,0.28,9.56,46-55,Cash,1328.36,364.86,0,1
ORD00861,2022-06-04,East,Furniture,Sofas,9,385.08,0.13,11.67,46-55,PayPal,3015.18,316.95,0,1
ORD00862,2023-02-25,West,Office Supplies,Art Supplies,2,143.53,0.13,7.76,46-55,Gift Card,249.74,17.74,1,0
ORD00863,2023-11-21,North,Furniture,Chairs,1,437.49,0.13,4.6,36-45,Debit Card,380.62,110.59,1,1
ORD00864,2022-10-27,South,Office Supplies,Paper,4,156.48,0.2,9.22,18-25,Credit Card,500.74,136.76,0,1
ORD00865,2022-12-09,North,Food & Beverage,Canned Goods,8,20.08,0.22,10.27,56+,Debit Card,125.3,12.91,0,0
ORD00866,2022-10-18,North,Food & Beverage,Prepared Meals,9,1.96,0.26,14.48,56+,Gift Card,13.05,1.77,0,0
ORD00867,2022-01-08,West,Furniture,Sofas,6,519.14,0.12,14.7,46-55,Debit Card,2741.06,582.55,0,1
ORD00868,2022-02-02,East,Furniture,Cabinets,5,384.85,0.09,5.53,56+,Gift Card,1751.07,424.52,0,1
ORD00869,2023-02-18,North,Clothing,Shoes,6,82.83,0.01,1.21,56+,Credit Card,492.01,107.3,0,1
ORD00870,2022-12-20,South,Food & Beverage,Beverages,3,41.45,0.24,3.01,56+,Debit Card,94.51,23.75,0,0
ORD00871,2022-10-26,West,Furniture,Tables,5,58.42,0.04,8.06,56+,Gift Card,280.42,54.39,0,1
ORD00872,2022-01-18,South,Clothing,Shoes,7,46.09,0.21,0.22,18-25,Debit Card,254.88,15.9,0,0
ORD00873,2022-12-20,West,Furniture,Chairs,4,338.95,0.14,7.48,36-45,Cash,1165.99,79.35,0,1
ORD00874,2023-06-05,South,Electronics,Laptops,6,292.58,0.25,8.05,56+,Cash,1316.61,348.88,0,1
ORD00875,2023-09-21,West,Clothing,Accessories,9,144.73,0.16,1.09,18-25,Credit Card,1094.16,226.17,0,1
ORD00876,2024-04-11,East,Electronics,Accessories,3,516.73,0.28,3.1,36-45,Gift Card,1116.14,260.9,0,1
ORD00877,2023-06-23,South,Clothing,Accessories,4,86.47,0.03,6.27,36-45,Gift Card,335.5,88.35,0,1
ORD00878,2022-04-13,North,Food & Beverage,Prepared Meals,8,4.87,0.13,1.53,46-55,Debit Card,33.9,1.83,0,0
ORD00879,2024-09-20,West,Office Supplies,Art Supplies,2,140.87,0.03,4.11,46-55,PayPal,273.29,35.53,0,0
ORD00880,2024-04-09,North,Food & Beverage,Beverages,2,43.46,0.18,1.91,46-55,Debit Card,71.27,11.18,0,0
ORD00881,2023-12-26,South,Electronics,Accessories,7,689.88,0.17,1.18,26-35,Debit Card,4008.2,392.47,0,1
ORD00882,2023-01-09,South,Furniture,Sofas,4,363.11,0.24,5.11,56+,Credit Card,1103.85,277.47,0,1
ORD00883,2022-02-27,South,Clothing,Shoes,8,66.49,0.1,7.38,18-25,PayPal,478.73,92.49,0,1
ORD00884,2024-03-31,West,Clothing,Pants,5,83.89,0.17,14.67,56+,Debit Card,348.14,84.7,0,1
ORD00885,2024-03-15,West,Electronics,Laptops,1,76.37,0.1,8.16,18-25,Debit Card,68.73,12.92,0,0
ORD00886,2023-04-08,South,Furniture,Chairs,2,217.39,0.08,2.77,56+,Debit Card,400.0,69.75,0,1
ORD00887,2024-01-26,North,Furniture,Sofas,9,434.3,0.01,6.28,26-35,Gift Card,3869.61,944.06,0,1
ORD00888,2023-08-06,West,Food & Beverage,Snacks,6,45.94,0.18,6.94,36-45,Credit Card,226.02,57.54,0,1
ORD00889,2022-07-09,South,Clothing,Accessories,8,36.46,0.08,4.01,46-55,Debit Card,268.35,48.25,0,0
ORD00890,2022-05-08,South,Clothing,Pants,8,142.13,0.29,5.64,56+,Debit Card,807.3,226.71,0,1
ORD00891,2022-10-06,East,Furniture,Sofas,9,405.57,0.3,3.98,46-55,Gift Card,2555.09,557.05,0,1
ORD00892,2022-04-28,North,Furniture,Cabinets,3,248.53,0.25,12.98,46-55,Debit Card,559.19,112.24,0,1
ORD00893,2022-04-30,North,Electronics,Laptops,5,200.53,0.26,2.92,56+,Gift Card,741.96,95.25,0,1
ORD00894,2023-10-23,West,Furniture,Chairs,6,561.92,0.19,12.03,26-35,PayPal,2730.93,454.96,0,1
ORD00895,2022-04-23,North,Food & Beverage,Snacks,5,38.07,0.03,0.41,18-25,PayPal,184.64,27.86,1,0
ORD00896,2022-06-30,South,Food & Beverage,Snacks,3,3.47,0.02,2.81,46-55,Gift Card,10.2,0.59,0,0
ORD00897,2024-01-18,West,Office Supplies,Paper,3,134.8,0.15,13.85,56+,PayPal,343.74,18.55,0,0
ORD00898,2024-07-07,South,Clothing,Accessories,8,67.04,0.3,0.84,36-45,Gift Card,375.42,32.12,0,0
ORD00899,2023-10-10,North,Clothing,Pants,1,127.1,0.15,7.91,36-45,PayPal,108.03,20.57,0,0
ORD00900,2022-07-24,South,Electronics,Accessories,2,592.29,0.15,7.49,56+,Gift Card,1006.89,78.07,0,1
ORD00901,2022-09-07,West,Office Supplies,Binders,6,62.96,0.04,2.18,18-25,Credit Card,362.65,81.36,0,1
ORD00902,2024-03-20,North,Food & Beverage,Snacks,6,8.64,0.07,12.63,46-55,Debit Card,48.21,4.93,0,0
ORD00903,2023-12-29,East,Clothing,Shoes,7,135.16,0.16,3.94,18-25,Debit Card,794.74,192.18,1,1
ORD00904,2023-05-16,West,Food & Beverage,Prepared Meals,2,39.66,0.2,13.33,36-45,Gift Card,63.46,14.16,0,0
ORD00905,2024-08-21,West,Food & Beverage,Prepared Meals,1,40.36,0.05,5.5,56+,Cash,38.34,5.5,0,0
ORD00906,2024-04-05,West,Furniture,Cabinets,8,138.52,0.11,1.59,56+,Gift Card,986.26,204.21,0,1
ORD00907,2024-10-16,West,Furniture,Sofas,2,232.31,0.15,7.4,56+,Gift Card,394.93,20.14,0,0
ORD00908,2023-02-01,West,Office Supplies,Art Supplies,4,36.04,0.11,6.29,56+,Cash,128.3,18.95,0,0
ORD00909,2022-08-11,West,Furniture,Chairs,2,340.15,0.22,11.35,26-35,PayPal,530.63,107.02,0,1
ORD00910,2024-04-04,South,Electronics,Laptops,4,118.57,0.17,13.38,56+,PayPal,393.65,47.94,0,0
ORD00911,2022-04-30,East,Food & Beverage,Snacks,4,27.94,0.19,9.95,26-35,PayPal,90.53,23.45,0,0
ORD00912,2022-05-05,North,Electronics,Laptops,6,167.46,0.29,12.64,46-55,Gift Card,713.38,125.0,1,1
ORD00913,2022-04-11,West,Electronics,Phones,8,724.63,0.28,10.06,36-45,Debit Card,4173.87,902.0,0,1
ORD00914,2024-05-13,East,Electronics,Phones,7,631.31,0.19,9.1,46-55,PayPal,3579.53,939.15,0,1
ORD00915,2024-04-11,East,Food & Beverage,Snacks,1,35.97,0.06,8.53,26-35,PayPal,33.81,9.03,0,0
ORD00916,2024-09-26,West,Electronics,Laptops,2,277.21,0.22,14.47,56+,Cash,432.45,99.23,1,1
ORD00917,2023-12-24,South,Electronics,Laptops,3,312.64,0.02,10.87,56+,Debit Card,919.16,117.54,0,1
ORD00918,2023-04-03,North,Office Supplies,Binders,3,156.69,0.11,6.65,18-25,Debit Card,418.36,60.26,0,1
ORD00919,2023-06-28,North,Office Supplies,Storage,1,178.29,0.15,10.93,36-45,PayPal,151.55,19.57,0,0
ORD00920,2022-07-21,West,Food & Beverage,Beverages,5,16.41,0.03,10.28,56+,Credit Card,79.59,18.06,0,0
ORD00921,2022-03-21,North,Electronics,Accessories,8,195.0,0.29,6.13,56+,Gift Card,1107.6,184.6,0,1
ORD00922,2022-02-08,East,Office Supplies,Art Supplies,6,57.12,0.13,1.42,26-35,Gift Card,298.17,24.28,0,0
ORD00923,2024-02-28,South,Clothing,Accessories,8,24.73,0.2,9.53,56+,Credit Card,158.27,39.8,0,0
ORD00924,2024-06-16,East,Furniture,Cabinets,8,369.87,0.21,0.11,56+,Credit Card,2337.58,419.72,0,1
ORD00925,2023-08-12,North,Food & Beverage,Prepared Meals,8,47.8,0.28,4.67,36-45,Credit Card,275.33,28.16,0,0
ORD00926,2024-07-25,East,Food & Beverage,Prepared Meals,2,24.02,0.14,8.73,46-55,PayPal,41.31,5.75,0,0
ORD00927,2023-06-05,West,Furniture,Sofas,4,552.08,0.18,2.89,46-55,PayPal,1810.82,365.06,0,1
ORD00928,2023-06-28,North,Clothing,Shirts,7,113.78,0.25,14.52,36-45,Credit Card,597.35,162.75,0,1
ORD00929,2023-07-03,West,Furniture,Tables,9,397.99,0.27,10.99,36-45,PayPal,2614.79,463.05,1,1
ORD00930,2022-10-03,East,Food & Beverage,Snacks,7,28.68,0.03,6.2,36-45,Debit Card,194.74,46.26,0,0
ORD00931,2024-10-21,East,Electronics,Tablets,8,380.45,0.26,10.26,36-45,Credit Card,2252.26,609.49,0,1
ORD00932,2024-06-22,South,Clothing,Shoes,1,102.45,0.16,0.35,36-45,Debit Card,86.06,13.2,0,0
ORD00933,2024-02-13,East,Furniture,Tables,7,255.75,0.06,6.37,46-55,Debit Card,1682.83,246.35,1,1
ORD00934,2024-02-27,South,Furniture,Sofas,6,593.37,0.14,0.87,26-35,Debit Card,3061.79,353.85,0,1
ORD00935,2022-06-12,South,Furniture,Sofas,2,250.73,0.24,7.39,26-35,Credit Card,381.11,36.29,0,0
ORD00936,2022-09-18,North,Electronics,Tablets,9,436.39,0.23,8.43,56+,Credit Card,3024.18,569.08,0,1
ORD00937,2022-05-11,North,Clothing,Shoes,6,47.64,0.01,10.84,56+,Cash,282.98,16.45,0,0
ORD00938,2023-07-12,West,Food & Beverage,Prepared Meals,6,24.73,0.02,8.28,46-55,Debit Card,145.41,37.85,1,0
ORD00939,2023-03-21,East,Clothing,Pants,7,136.93,0.06,9.23,56+,Debit Card,901.0,136.44,0,1
ORD00940,2022-12-26,North,Food & Beverage,Canned Goods,1,47.46,0.15,10.53,46-55,Gift Card,40.34,10.61,0,0
ORD00941,2022-09-28,North,Food & Beverage,Prepared Meals,1,38.55,0.2,12.36,46-55,Debit Card,30.84,6.53,1,0
ORD00942,2024-01-09,West,Electronics,Tablets,2,615.33,0.19,8.1,36-45,Credit Card,996.83,236.65,0,1
ORD00943,2023-10-14,North,Furniture,Cabinets,5,384.87,0.0,2.92,56+,Credit Card,1924.35,332.59,1,1
ORD00944,2023-02-01,East,Office Supplies,Art Supplies,7,36.92,0.08,0.99,26-35,Gift Card,237.76,53.85,0,0
ORD00945,2023-02-06,East,Furniture,Sofas,5,104.46,0.11,0.39,46-55,Gift Card,464.85,49.02,0,0
ORD00946,2022-07-28,East,Office Supplies,Binders,1,196.76,0.25,0.54,46-55,PayPal,147.57,31.67,0,0
ORD00947,2023-08-02,South,Clothing,Shoes,7,58.84,0.28,3.1,36-45,PayPal,296.55,79.63,0,1
ORD00948,2022-04-04,East,Clothing,Pants,2,39.32,0.16,11.06,56+,Debit Card,66.06,13.66,0,0
ORD00949,2024-09-19,South,Electronics,Accessories,7,99.99,0.3,0.37,26-35,Gift Card,489.95,126.8,0,1
ORD00950,2024-05-20,West,Clothing,Pants,2,42.56,0.03,4.89,26-35,Debit Card,82.57,8.68,1,0
ORD00951,2024-06-16,West,Electronics,Laptops,7,585.92,0.19,14.56,46-55,PayPal,3322.17,630.34,0,1
ORD00952,2023-06-21,South,Food & Beverage,Prepared Meals,9,5.22,0.17,7.54,46-55,Cash,38.99,3.36,0,0
ORD00953,2022-12-12,East,Food & Beverage,Snacks,5,29.7,0.0,11.42,46-55,Credit Card,148.5,33.9,0,0
ORD00954,2022-02-24,South,Electronics,Laptops,4,766.38,0.07,4.85,36-45,PayPal,2850.93,273.56,0,1
ORD00955,2022-06-10,North,Clothing,Shoes,4,124.62,0.04,9.84,36-45,Cash,478.54,64.74,0,1
ORD00956,2023-07-23,East,Food & Beverage,Prepared Meals,1,4.85,0.26,1.17,36-45,Credit Card,3.59,0.81,1,0
ORD00957,2022-10-07,West,Electronics,Accessories,8,476.69,0.26,14.13,56+,Debit Card,2822.0,662.86,0,1
ORD00958,2023-11-23,South,Office Supplies,Art Supplies,1,96.79,0.01,2.87,36-45,Gift Card,95.82,23.73,0,0
ORD00959,2022-11-08,West,Clothing,Shirts,3,129.62,0.22,4.08,46-55,Gift Card,303.31,24.08,0,0
ORD00960,2024-08-10,East,Clothing,Pants,1,72.49,0.17,14.17,26-35,Cash,60.17,6.2,0,0
ORD00961,2023-05-06,West,Food & Beverage,Canned Goods,6,45.08,0.23,2.93,18-25,Credit Card,208.27,14.93,0,0
ORD00962,2022-03-01,South,Office Supplies,Binders,1,24.86,0.22,3.0,36-45,Cash,19.39,2.77,0,0
ORD00963,2024-01-21,East,Office Supplies,Storage,6,84.24,0.15,8.11,36-45,PayPal,429.62,109.38,0,1
ORD00964,2024-04-15,East,Food & Beverage,Canned Goods,2,35.28,0.12,2.08,46-55,Debit Card,62.09,13.44,0,0
ORD00965,2023-10-24,South,Electronics,Laptops,8,392.31,0.18,3.84,26-35,Cash,2573.55,390.59,0,1
ORD00966,2022-08-23,North,Furniture,Tables,6,540.01,0.08,6.16,46-55,Credit Card,2980.86,818.69,0,1
ORD00967,2023-12-11,North,Electronics,Tablets,2,373.21,0.06,6.57,56+,Credit Card,701.63,106.78,0,1
ORD00968,2023-08-29,North,Clothing,Shirts,7,54.88,0.04,4.44,18-25,Cash,368.79,71.2,0,1
ORD00969,2022-12-25,South,Electronics,Tablets,4,646.97,0.09,1.09,36-45,Debit Card,2354.97,666.83,0,1
ORD00970,2024-03-30,South,Office Supplies,Storage,1,131.04,0.26,0.62,26-35,Debit Card,96.97,24.99,0,0
ORD00971,2023-09-21,South,Electronics,Phones,8,705.86,0.01,3.92,36-45,Cash,5590.41,1503.49,0,1
ORD00972,2022-01-19,West,Clothing,Shoes,5,84.14,0.12,4.46,56+,PayPal,370.22,81.61,0,1
ORD00973,2024-04-06,South,Food & Beverage,Beverages,3,18.58,0.18,5.74,56+,Gift Card,45.71,5.77,0,0
ORD00974,2022-01-05,West,Food & Beverage,Canned Goods,9,20.91,0.26,11.98,56+,Gift Card,139.26,16.26,0,0
ORD00975,2022-08-24,East,Office Supplies,Storage,4,102.15,0.13,3.27,56+,Debit Card,355.48,29.37,0,0
ORD00976,2022-06-09,North,Clothing,Shoes,7,75.6,0.18,13.3,36-45,PayPal,433.94,118.13,0,1
ORD00977,2022-02-06,East,Furniture,Sofas,6,222.29,0.03,14.42,18-25,Credit Card,1293.73,325.78,0,1
ORD00978,2022-08-20,South,Office Supplies,Art Supplies,9,86.24,0.05,9.97,46-55,Gift Card,737.35,167.53,0,1
ORD00979,2024-07-07,North,Clothing,Accessories,8,141.38,0.05,1.7,36-45,Credit Card,1074.49,206.89,0,1
ORD00980,2023-05-09,West,Office Supplies,Binders,1,177.03,0.13,11.21,18-25,Gift Card,154.02,46.2,0,0
ORD00981,2022-04-29,East,Furniture,Cabinets,9,364.79,0.05,14.44,56+,PayPal,3118.95,292.85,0,1
ORD00982,2024-08-04,West,Furniture,Tables,9,193.5,0.08,2.4,46-55,PayPal,1602.18,145.82,0,1
ORD00983,2024-03-30,South,Office Supplies,Paper,4,50.3,0.26,4.92,46-55,Debit Card,148.89,11.64,0,0
ORD00984,2023-10-20,East,Office Supplies,Art Supplies,6,122.66,0.24,2.35,46-55,Debit Card,559.33,30.07,0,0
ORD00985,2023-09-01,North,Furniture,Tables,7,232.36,0.14,7.55,36-45,Credit Card,1398.81,180.42,0,1
ORD00986,2024-06-23,West,Food & Beverage,Canned Goods,9,47.12,0.26,8.46,36-45,Gift Card,313.82,47.88,0,0
ORD00987,2022-05-10,West,Furniture,Sofas,1,422.36,0.08,3.82,18-25,Debit Card,388.57,116.4,0,1
ORD00988,2022-06-03,North,Food & Beverage,Snacks,2,3.8,0.03,3.29,26-35,Credit Card,7.37,1.22,0,0
ORD00989,2024-04-06,East,Office Supplies,Binders,9,88.13,0.1,4.75,46-55,Credit Card,713.85,173.82,0,1
ORD00990,2022-01-14,South,Electronics,Laptops,4,655.65,0.15,0.82,18-25,PayPal,2229.21,409.88,1,1
ORD00991,2023-09-10,South,Office Supplies,Storage,6,99.03,0.16,14.63,36-45,PayPal,499.11,145.46,0,1
ORD00992,2024-04-18,East,Clothing,Shirts,2,82.46,0.04,14.43,36-45,Credit Card,158.32,19.39,0,0
ORD00993,2023-02-05,South,Electronics,Accessories,8,751.37,0.11,5.85,46-55,Credit Card,5349.75,409.38,0,1
ORD00994,2022-10-26,West,Furniture,Tables,4,551.41,0.05,1.82,36-45,PayPal,2095.36,149.51,1,1
ORD00995,2022-07-20,North,Electronics,Laptops,7,386.64,0.18,1.08,46-55,PayPal,2219.31,236.78,1,1
ORD00996,2024-07-28,South,Electronics,Laptops,3,64.55,0.1,9.42,46-55,Credit Card,174.28,20.7,1,0
ORD00997,2023-10-18,South,Clothing,Accessories,8,137.26,0.29,1.17,36-45,Cash,779.64,142.74,0,1
ORD00998,2023-02-11,South,Electronics,Phones,2,279.8,0.05,3.96,36-45,PayPal,531.62,83.4,0,1
ORD00999,2022-12-14,East,Furniture,Sofas,2,517.88,0.13,2.89,18-25,Debit Card,901.11,88.11,0,1
ORD01000,2022-10-02,North,Furniture,Cabinets,9,35.57,0.02,8.03,36-45,Credit Card,313.73,82.7,0,1
